Copyright 1986-2020 Xilinx, Inc. All Rights Reserved.
--------------------------------------------------------------------------------------------------------------------------------------------------------------------------------------------------------------------
| Tool Version : Vivado v.2020.1 (win64) Build 2902540 Wed May 27 19:54:49 MDT 2020
| Date         : Thu Apr 30 10:55:53 2026
| Host         : DESKTOP-KNMORIL running 64-bit major release  (build 9200)
| Command      : report_timing_summary -max_paths 10 -file task_a_fpga_top_timing_summary_routed.rpt -pb task_a_fpga_top_timing_summary_routed.pb -rpx task_a_fpga_top_timing_summary_routed.rpx -warn_on_violation
| Design       : task_a_fpga_top
| Device       : 7a35t-cpg236
| Speed File   : -1  PRODUCTION 1.23 2018-06-13
--------------------------------------------------------------------------------------------------------------------------------------------------------------------------------------------------------------------

Timing Summary Report

------------------------------------------------------------------------------------------------
| Timer Settings
| --------------
------------------------------------------------------------------------------------------------

  Enable Multi Corner Analysis               :  Yes
  Enable Pessimism Removal                   :  Yes
  Pessimism Removal Resolution               :  Nearest Common Node
  Enable Input Delay Default Clock           :  No
  Enable Preset / Clear Arcs                 :  No
  Disable Flight Delays                      :  No
  Ignore I/O Paths                           :  No
  Timing Early Launch at Borrowing Latches   :  No
  Borrow Time for Max Delay Exceptions       :  Yes
  Merge Timing Exceptions                    :  Yes

  Corner  Analyze    Analyze    
  Name    Max Paths  Min Paths  
  ------  ---------  ---------  
  Slow    Yes        Yes        
  Fast    Yes        Yes        



check_timing report

Table of Contents
-----------------
1. checking no_clock (16672)
2. checking constant_clock (0)
3. checking pulse_width_clock (0)
4. checking unconstrained_internal_endpoints (49984)
5. checking no_input_delay (17)
6. checking no_output_delay (27)
7. checking multiple_clock (0)
8. checking generated_clocks (0)
9. checking loops (0)
10. checking partial_input_delay (0)
11. checking partial_output_delay (0)
12. checking latch_loops (0)

1. checking no_clock (16672)
----------------------------
 There are 16672 register/latch pins with no clock driven by root clock pin: top/clkdiv/clk_out_reg/Q (HIGH)


2. checking constant_clock (0)
------------------------------
 There are 0 register/latch pins with constant_clock.


3. checking pulse_width_clock (0)
---------------------------------
 There are 0 register/latch pins which need pulse_width check


4. checking unconstrained_internal_endpoints (49984)
----------------------------------------------------
 There are 49984 pins that are not constrained for maximum delay. (HIGH)

 There are 0 pins that are not constrained for maximum delay due to constant clock.


5. checking no_input_delay (17)
-------------------------------
 There are 17 input ports with no input delay specified. (HIGH)

 There are 0 input ports with no input delay but user has a false path constraint.


6. checking no_output_delay (27)
--------------------------------
 There are 27 ports with no output delay specified. (HIGH)

 There are 0 ports with no output delay but user has a false path constraint

 There are 0 ports with no output delay but with a timing clock defined on it or propagating through it


7. checking multiple_clock (0)
------------------------------
 There are 0 register/latch pins with multiple clocks.


8. checking generated_clocks (0)
--------------------------------
 There are 0 generated clocks that are not connected to a clock source.


9. checking loops (0)
---------------------
 There are 0 combinational loops in the design.


10. checking partial_input_delay (0)
------------------------------------
 There are 0 input ports with partial input delay specified.


11. checking partial_output_delay (0)
-------------------------------------
 There are 0 ports with partial output delay specified.


12. checking latch_loops (0)
----------------------------
 There are 0 combinational latch loops in the design through latch input



------------------------------------------------------------------------------------------------
| Design Timing Summary
| ---------------------
------------------------------------------------------------------------------------------------

    WNS(ns)      TNS(ns)  TNS Failing Endpoints  TNS Total Endpoints      WHS(ns)      THS(ns)  THS Failing Endpoints  THS Total Endpoints     WPWS(ns)     TPWS(ns)  TPWS Failing Endpoints  TPWS Total Endpoints  
    -------      -------  ---------------------  -------------------      -------      -------  ---------------------  -------------------     --------     --------  ----------------------  --------------------  
      5.414        0.000                      0                   47        0.254        0.000                      0                   47        4.500        0.000                       0                    48  


All user specified timing constraints are met.


------------------------------------------------------------------------------------------------
| Clock Summary
| -------------
------------------------------------------------------------------------------------------------

Clock        Waveform(ns)       Period(ns)      Frequency(MHz)
-----        ------------       ----------      --------------
sys_clk_pin  {0.000 5.000}      10.000          100.000         


------------------------------------------------------------------------------------------------
| Intra Clock Table
| -----------------
------------------------------------------------------------------------------------------------

Clock             WNS(ns)      TNS(ns)  TNS Failing Endpoints  TNS Total Endpoints      WHS(ns)      THS(ns)  THS Failing Endpoints  THS Total Endpoints     WPWS(ns)     TPWS(ns)  TPWS Failing Endpoints  TPWS Total Endpoints  
-----             -------      -------  ---------------------  -------------------      -------      -------  ---------------------  -------------------     --------     --------  ----------------------  --------------------  
sys_clk_pin         5.414        0.000                      0                   47        0.254        0.000                      0                   47        4.500        0.000                       0                    48  


------------------------------------------------------------------------------------------------
| Inter Clock Table
| -----------------
------------------------------------------------------------------------------------------------

From Clock    To Clock          WNS(ns)      TNS(ns)  TNS Failing Endpoints  TNS Total Endpoints      WHS(ns)      THS(ns)  THS Failing Endpoints  THS Total Endpoints  
----------    --------          -------      -------  ---------------------  -------------------      -------      -------  ---------------------  -------------------  


------------------------------------------------------------------------------------------------
| Other Path Groups Table
| -----------------------
------------------------------------------------------------------------------------------------

Path Group    From Clock    To Clock          WNS(ns)      TNS(ns)  TNS Failing Endpoints  TNS Total Endpoints      WHS(ns)      THS(ns)  THS Failing Endpoints  THS Total Endpoints  
----------    ----------    --------          -------      -------  ---------------------  -------------------      -------      -------  ---------------------  -------------------  


------------------------------------------------------------------------------------------------
| Timing Details
| --------------
------------------------------------------------------------------------------------------------


---------------------------------------------------------------------------------------------------
From Clock:  sys_clk_pin
  To Clock:  sys_clk_pin

Setup :            0  Failing Endpoints,  Worst Slack        5.414ns,  Total Violation        0.000ns
Hold  :            0  Failing Endpoints,  Worst Slack        0.254ns,  Total Violation        0.000ns
PW    :            0  Failing Endpoints,  Worst Slack        4.500ns,  Total Violation        0.000ns
---------------------------------------------------------------------------------------------------


Max Delay Paths
--------------------------------------------------------------------------------------
Slack (MET) :             5.414ns  (required time - arrival time)
  Source:                 top/clkdiv/count_reg[12]/C
                            (rising edge-triggered cell FDRE clocked by sys_clk_pin  {rise@0.000ns fall@5.000ns period=10.000ns})
  Destination:            top/clkdiv/count_reg[22]/D
                            (rising edge-triggered cell FDRE clocked by sys_clk_pin  {rise@0.000ns fall@5.000ns period=10.000ns})
  Path Group:             sys_clk_pin
  Path Type:              Setup (Max at Slow Process Corner)
  Requirement:            10.000ns  (sys_clk_pin rise@10.000ns - sys_clk_pin rise@0.000ns)
  Data Path Delay:        4.556ns  (logic 1.087ns (23.860%)  route 3.469ns (76.140%))
  Logic Levels:           4  (LUT3=1 LUT4=1 LUT6=2)
  Clock Path Skew:        -0.026ns (DCD - SCD + CPR)
    Destination Clock Delay (DCD):    4.860ns = ( 14.860 - 10.000 ) 
    Source Clock Delay      (SCD):    5.160ns
    Clock Pessimism Removal (CPR):    0.274ns
  Clock Uncertainty:      0.035ns  ((TSJ^2 + TIJ^2)^1/2 + DJ) / 2 + PE
    Total System Jitter     (TSJ):    0.071ns
    Total Input Jitter      (TIJ):    0.000ns
    Discrete Jitter          (DJ):    0.000ns
    Phase Error              (PE):    0.000ns

    Location             Delay type                Incr(ns)  Path(ns)    Netlist Resource(s)
  -------------------------------------------------------------------    -------------------
                         (clock sys_clk_pin rise edge)
                                                      0.000     0.000 r  
    W5                                                0.000     0.000 r  CLK100MHZ (IN)
                         net (fo=0)                   0.000     0.000    CLK100MHZ
    W5                   IBUF (Prop_ibuf_I_O)         1.458     1.458 r  CLK100MHZ_IBUF_inst/O
                         net (fo=1, routed)           1.967     3.425    CLK100MHZ_IBUF
    BUFGCTRL_X0Y1        BUFG (Prop_bufg_I_O)         0.096     3.521 r  CLK100MHZ_IBUF_BUFG_inst/O
                         net (fo=47, routed)          1.639     5.160    top/clkdiv/CLK100MHZ_IBUF_BUFG
    SLICE_X0Y2           FDRE                                         r  top/clkdiv/count_reg[12]/C
  -------------------------------------------------------------------    -------------------
    SLICE_X0Y2           FDRE (Prop_fdre_C_Q)         0.419     5.579 r  top/clkdiv/count_reg[12]/Q
                         net (fo=2, routed)           0.840     6.419    top/clkdiv/count[12]
    SLICE_X0Y3           LUT4 (Prop_lut4_I1_O)        0.296     6.715 r  top/clkdiv/count[25]_i_5/O
                         net (fo=1, routed)           0.606     7.320    top/clkdiv/count[25]_i_5_n_0
    SLICE_X0Y2           LUT6 (Prop_lut6_I0_O)        0.124     7.444 r  top/clkdiv/count[25]_i_3/O
                         net (fo=1, routed)           0.636     8.080    top/clkdiv/count[25]_i_3_n_0
    SLICE_X0Y1           LUT6 (Prop_lut6_I0_O)        0.124     8.204 r  top/clkdiv/count[25]_i_2/O
                         net (fo=27, routed)          1.388     9.592    top/clkdiv/count[25]_i_2_n_0
    SLICE_X3Y4           LUT3 (Prop_lut3_I0_O)        0.124     9.716 r  top/clkdiv/count[22]_i_1/O
                         net (fo=1, routed)           0.000     9.716    top/clkdiv/count_0[22]
    SLICE_X3Y4           FDRE                                         r  top/clkdiv/count_reg[22]/D
  -------------------------------------------------------------------    -------------------

                         (clock sys_clk_pin rise edge)
                                                     10.000    10.000 r  
    W5                                                0.000    10.000 r  CLK100MHZ (IN)
                         net (fo=0)                   0.000    10.000    CLK100MHZ
    W5                   IBUF (Prop_ibuf_I_O)         1.388    11.388 r  CLK100MHZ_IBUF_inst/O
                         net (fo=1, routed)           1.862    13.250    CLK100MHZ_IBUF
    BUFGCTRL_X0Y1        BUFG (Prop_bufg_I_O)         0.091    13.341 r  CLK100MHZ_IBUF_BUFG_inst/O
                         net (fo=47, routed)          1.519    14.860    top/clkdiv/CLK100MHZ_IBUF_BUFG
    SLICE_X3Y4           FDRE                                         r  top/clkdiv/count_reg[22]/C
                         clock pessimism              0.274    15.134    
                         clock uncertainty           -0.035    15.099    
    SLICE_X3Y4           FDRE (Setup_fdre_C_D)        0.031    15.130    top/clkdiv/count_reg[22]
  -------------------------------------------------------------------
                         required time                         15.130    
                         arrival time                          -9.716    
  -------------------------------------------------------------------
                         slack                                  5.414    

Slack (MET) :             5.430ns  (required time - arrival time)
  Source:                 top/clkdiv/count_reg[12]/C
                            (rising edge-triggered cell FDRE clocked by sys_clk_pin  {rise@0.000ns fall@5.000ns period=10.000ns})
  Destination:            top/clkdiv/count_reg[25]/D
                            (rising edge-triggered cell FDRE clocked by sys_clk_pin  {rise@0.000ns fall@5.000ns period=10.000ns})
  Path Group:             sys_clk_pin
  Path Type:              Setup (Max at Slow Process Corner)
  Requirement:            10.000ns  (sys_clk_pin rise@10.000ns - sys_clk_pin rise@0.000ns)
  Data Path Delay:        4.584ns  (logic 1.115ns (24.325%)  route 3.469ns (75.675%))
  Logic Levels:           4  (LUT3=1 LUT4=1 LUT6=2)
  Clock Path Skew:        -0.026ns (DCD - SCD + CPR)
    Destination Clock Delay (DCD):    4.860ns = ( 14.860 - 10.000 ) 
    Source Clock Delay      (SCD):    5.160ns
    Clock Pessimism Removal (CPR):    0.274ns
  Clock Uncertainty:      0.035ns  ((TSJ^2 + TIJ^2)^1/2 + DJ) / 2 + PE
    Total System Jitter     (TSJ):    0.071ns
    Total Input Jitter      (TIJ):    0.000ns
    Discrete Jitter          (DJ):    0.000ns
    Phase Error              (PE):    0.000ns

    Location             Delay type                Incr(ns)  Path(ns)    Netlist Resource(s)
  -------------------------------------------------------------------    -------------------
                         (clock sys_clk_pin rise edge)
                                                      0.000     0.000 r  
    W5                                                0.000     0.000 r  CLK100MHZ (IN)
                         net (fo=0)                   0.000     0.000    CLK100MHZ
    W5                   IBUF (Prop_ibuf_I_O)         1.458     1.458 r  CLK100MHZ_IBUF_inst/O
                         net (fo=1, routed)           1.967     3.425    CLK100MHZ_IBUF
    BUFGCTRL_X0Y1        BUFG (Prop_bufg_I_O)         0.096     3.521 r  CLK100MHZ_IBUF_BUFG_inst/O
                         net (fo=47, routed)          1.639     5.160    top/clkdiv/CLK100MHZ_IBUF_BUFG
    SLICE_X0Y2           FDRE                                         r  top/clkdiv/count_reg[12]/C
  -------------------------------------------------------------------    -------------------
    SLICE_X0Y2           FDRE (Prop_fdre_C_Q)         0.419     5.579 r  top/clkdiv/count_reg[12]/Q
                         net (fo=2, routed)           0.840     6.419    top/clkdiv/count[12]
    SLICE_X0Y3           LUT4 (Prop_lut4_I1_O)        0.296     6.715 r  top/clkdiv/count[25]_i_5/O
                         net (fo=1, routed)           0.606     7.320    top/clkdiv/count[25]_i_5_n_0
    SLICE_X0Y2           LUT6 (Prop_lut6_I0_O)        0.124     7.444 r  top/clkdiv/count[25]_i_3/O
                         net (fo=1, routed)           0.636     8.080    top/clkdiv/count[25]_i_3_n_0
    SLICE_X0Y1           LUT6 (Prop_lut6_I0_O)        0.124     8.204 r  top/clkdiv/count[25]_i_2/O
                         net (fo=27, routed)          1.388     9.592    top/clkdiv/count[25]_i_2_n_0
    SLICE_X3Y4           LUT3 (Prop_lut3_I0_O)        0.152     9.744 r  top/clkdiv/count[25]_i_1/O
                         net (fo=1, routed)           0.000     9.744    top/clkdiv/count_0[25]
    SLICE_X3Y4           FDRE                                         r  top/clkdiv/count_reg[25]/D
  -------------------------------------------------------------------    -------------------

                         (clock sys_clk_pin rise edge)
                                                     10.000    10.000 r  
    W5                                                0.000    10.000 r  CLK100MHZ (IN)
                         net (fo=0)                   0.000    10.000    CLK100MHZ
    W5                   IBUF (Prop_ibuf_I_O)         1.388    11.388 r  CLK100MHZ_IBUF_inst/O
                         net (fo=1, routed)           1.862    13.250    CLK100MHZ_IBUF
    BUFGCTRL_X0Y1        BUFG (Prop_bufg_I_O)         0.091    13.341 r  CLK100MHZ_IBUF_BUFG_inst/O
                         net (fo=47, routed)          1.519    14.860    top/clkdiv/CLK100MHZ_IBUF_BUFG
    SLICE_X3Y4           FDRE                                         r  top/clkdiv/count_reg[25]/C
                         clock pessimism              0.274    15.134    
                         clock uncertainty           -0.035    15.099    
    SLICE_X3Y4           FDRE (Setup_fdre_C_D)        0.075    15.174    top/clkdiv/count_reg[25]
  -------------------------------------------------------------------
                         required time                         15.174    
                         arrival time                          -9.744    
  -------------------------------------------------------------------
                         slack                                  5.430    

Slack (MET) :             5.613ns  (required time - arrival time)
  Source:                 top/clkdiv/count_reg[12]/C
                            (rising edge-triggered cell FDRE clocked by sys_clk_pin  {rise@0.000ns fall@5.000ns period=10.000ns})
  Destination:            top/clkdiv/count_reg[0]/D
                            (rising edge-triggered cell FDRE clocked by sys_clk_pin  {rise@0.000ns fall@5.000ns period=10.000ns})
  Path Group:             sys_clk_pin
  Path Type:              Setup (Max at Slow Process Corner)
  Requirement:            10.000ns  (sys_clk_pin rise@10.000ns - sys_clk_pin rise@0.000ns)
  Data Path Delay:        4.358ns  (logic 1.087ns (24.943%)  route 3.271ns (75.057%))
  Logic Levels:           4  (LUT2=1 LUT4=1 LUT6=2)
  Clock Path Skew:        -0.026ns (DCD - SCD + CPR)
    Destination Clock Delay (DCD):    4.860ns = ( 14.860 - 10.000 ) 
    Source Clock Delay      (SCD):    5.160ns
    Clock Pessimism Removal (CPR):    0.274ns
  Clock Uncertainty:      0.035ns  ((TSJ^2 + TIJ^2)^1/2 + DJ) / 2 + PE
    Total System Jitter     (TSJ):    0.071ns
    Total Input Jitter      (TIJ):    0.000ns
    Discrete Jitter          (DJ):    0.000ns
    Phase Error              (PE):    0.000ns

    Location             Delay type                Incr(ns)  Path(ns)    Netlist Resource(s)
  -------------------------------------------------------------------    -------------------
                         (clock sys_clk_pin rise edge)
                                                      0.000     0.000 r  
    W5                                                0.000     0.000 r  CLK100MHZ (IN)
                         net (fo=0)                   0.000     0.000    CLK100MHZ
    W5                   IBUF (Prop_ibuf_I_O)         1.458     1.458 r  CLK100MHZ_IBUF_inst/O
                         net (fo=1, routed)           1.967     3.425    CLK100MHZ_IBUF
    BUFGCTRL_X0Y1        BUFG (Prop_bufg_I_O)         0.096     3.521 r  CLK100MHZ_IBUF_BUFG_inst/O
                         net (fo=47, routed)          1.639     5.160    top/clkdiv/CLK100MHZ_IBUF_BUFG
    SLICE_X0Y2           FDRE                                         r  top/clkdiv/count_reg[12]/C
  -------------------------------------------------------------------    -------------------
    SLICE_X0Y2           FDRE (Prop_fdre_C_Q)         0.419     5.579 r  top/clkdiv/count_reg[12]/Q
                         net (fo=2, routed)           0.840     6.419    top/clkdiv/count[12]
    SLICE_X0Y3           LUT4 (Prop_lut4_I1_O)        0.296     6.715 r  top/clkdiv/count[25]_i_5/O
                         net (fo=1, routed)           0.606     7.320    top/clkdiv/count[25]_i_5_n_0
    SLICE_X0Y2           LUT6 (Prop_lut6_I0_O)        0.124     7.444 r  top/clkdiv/count[25]_i_3/O
                         net (fo=1, routed)           0.636     8.080    top/clkdiv/count[25]_i_3_n_0
    SLICE_X0Y1           LUT6 (Prop_lut6_I0_O)        0.124     8.204 r  top/clkdiv/count[25]_i_2/O
                         net (fo=27, routed)          1.190     9.394    top/clkdiv/count[25]_i_2_n_0
    SLICE_X3Y4           LUT2 (Prop_lut2_I0_O)        0.124     9.518 r  top/clkdiv/count[0]_i_1/O
                         net (fo=1, routed)           0.000     9.518    top/clkdiv/count_0[0]
    SLICE_X3Y4           FDRE                                         r  top/clkdiv/count_reg[0]/D
  -------------------------------------------------------------------    -------------------

                         (clock sys_clk_pin rise edge)
                                                     10.000    10.000 r  
    W5                                                0.000    10.000 r  CLK100MHZ (IN)
                         net (fo=0)                   0.000    10.000    CLK100MHZ
    W5                   IBUF (Prop_ibuf_I_O)         1.388    11.388 r  CLK100MHZ_IBUF_inst/O
                         net (fo=1, routed)           1.862    13.250    CLK100MHZ_IBUF
    BUFGCTRL_X0Y1        BUFG (Prop_bufg_I_O)         0.091    13.341 r  CLK100MHZ_IBUF_BUFG_inst/O
                         net (fo=47, routed)          1.519    14.860    top/clkdiv/CLK100MHZ_IBUF_BUFG
    SLICE_X3Y4           FDRE                                         r  top/clkdiv/count_reg[0]/C
                         clock pessimism              0.274    15.134    
                         clock uncertainty           -0.035    15.099    
    SLICE_X3Y4           FDRE (Setup_fdre_C_D)        0.032    15.131    top/clkdiv/count_reg[0]
  -------------------------------------------------------------------
                         required time                         15.131    
                         arrival time                          -9.518    
  -------------------------------------------------------------------
                         slack                                  5.613    

Slack (MET) :             5.743ns  (required time - arrival time)
  Source:                 top/clkdiv/count_reg[12]/C
                            (rising edge-triggered cell FDRE clocked by sys_clk_pin  {rise@0.000ns fall@5.000ns period=10.000ns})
  Destination:            top/clkdiv/count_reg[14]/D
                            (rising edge-triggered cell FDRE clocked by sys_clk_pin  {rise@0.000ns fall@5.000ns period=10.000ns})
  Path Group:             sys_clk_pin
  Path Type:              Setup (Max at Slow Process Corner)
  Requirement:            10.000ns  (sys_clk_pin rise@10.000ns - sys_clk_pin rise@0.000ns)
  Data Path Delay:        4.224ns  (logic 1.087ns (25.733%)  route 3.137ns (74.267%))
  Logic Levels:           4  (LUT3=1 LUT4=1 LUT6=2)
  Clock Path Skew:        -0.026ns (DCD - SCD + CPR)
    Destination Clock Delay (DCD):    4.860ns = ( 14.860 - 10.000 ) 
    Source Clock Delay      (SCD):    5.160ns
    Clock Pessimism Removal (CPR):    0.274ns
  Clock Uncertainty:      0.035ns  ((TSJ^2 + TIJ^2)^1/2 + DJ) / 2 + PE
    Total System Jitter     (TSJ):    0.071ns
    Total Input Jitter      (TIJ):    0.000ns
    Discrete Jitter          (DJ):    0.000ns
    Phase Error              (PE):    0.000ns

    Location             Delay type                Incr(ns)  Path(ns)    Netlist Resource(s)
  -------------------------------------------------------------------    -------------------
                         (clock sys_clk_pin rise edge)
                                                      0.000     0.000 r  
    W5                                                0.000     0.000 r  CLK100MHZ (IN)
                         net (fo=0)                   0.000     0.000    CLK100MHZ
    W5                   IBUF (Prop_ibuf_I_O)         1.458     1.458 r  CLK100MHZ_IBUF_inst/O
                         net (fo=1, routed)           1.967     3.425    CLK100MHZ_IBUF
    BUFGCTRL_X0Y1        BUFG (Prop_bufg_I_O)         0.096     3.521 r  CLK100MHZ_IBUF_BUFG_inst/O
                         net (fo=47, routed)          1.639     5.160    top/clkdiv/CLK100MHZ_IBUF_BUFG
    SLICE_X0Y2           FDRE                                         r  top/clkdiv/count_reg[12]/C
  -------------------------------------------------------------------    -------------------
    SLICE_X0Y2           FDRE (Prop_fdre_C_Q)         0.419     5.579 r  top/clkdiv/count_reg[12]/Q
                         net (fo=2, routed)           0.840     6.419    top/clkdiv/count[12]
    SLICE_X0Y3           LUT4 (Prop_lut4_I1_O)        0.296     6.715 r  top/clkdiv/count[25]_i_5/O
                         net (fo=1, routed)           0.606     7.320    top/clkdiv/count[25]_i_5_n_0
    SLICE_X0Y2           LUT6 (Prop_lut6_I0_O)        0.124     7.444 r  top/clkdiv/count[25]_i_3/O
                         net (fo=1, routed)           0.636     8.080    top/clkdiv/count[25]_i_3_n_0
    SLICE_X0Y1           LUT6 (Prop_lut6_I0_O)        0.124     8.204 r  top/clkdiv/count[25]_i_2/O
                         net (fo=27, routed)          1.056     9.260    top/clkdiv/count[25]_i_2_n_0
    SLICE_X0Y4           LUT3 (Prop_lut3_I0_O)        0.124     9.384 r  top/clkdiv/count[14]_i_1/O
                         net (fo=1, routed)           0.000     9.384    top/clkdiv/count_0[14]
    SLICE_X0Y4           FDRE                                         r  top/clkdiv/count_reg[14]/D
  -------------------------------------------------------------------    -------------------

                         (clock sys_clk_pin rise edge)
                                                     10.000    10.000 r  
    W5                                                0.000    10.000 r  CLK100MHZ (IN)
                         net (fo=0)                   0.000    10.000    CLK100MHZ
    W5                   IBUF (Prop_ibuf_I_O)         1.388    11.388 r  CLK100MHZ_IBUF_inst/O
                         net (fo=1, routed)           1.862    13.250    CLK100MHZ_IBUF
    BUFGCTRL_X0Y1        BUFG (Prop_bufg_I_O)         0.091    13.341 r  CLK100MHZ_IBUF_BUFG_inst/O
                         net (fo=47, routed)          1.519    14.860    top/clkdiv/CLK100MHZ_IBUF_BUFG
    SLICE_X0Y4           FDRE                                         r  top/clkdiv/count_reg[14]/C
                         clock pessimism              0.274    15.134    
                         clock uncertainty           -0.035    15.099    
    SLICE_X0Y4           FDRE (Setup_fdre_C_D)        0.029    15.128    top/clkdiv/count_reg[14]
  -------------------------------------------------------------------
                         required time                         15.128    
                         arrival time                          -9.384    
  -------------------------------------------------------------------
                         slack                                  5.743    

Slack (MET) :             5.753ns  (required time - arrival time)
  Source:                 top/clkdiv/count_reg[12]/C
                            (rising edge-triggered cell FDRE clocked by sys_clk_pin  {rise@0.000ns fall@5.000ns period=10.000ns})
  Destination:            top/clkdiv/count_reg[15]/D
                            (rising edge-triggered cell FDRE clocked by sys_clk_pin  {rise@0.000ns fall@5.000ns period=10.000ns})
  Path Group:             sys_clk_pin
  Path Type:              Setup (Max at Slow Process Corner)
  Requirement:            10.000ns  (sys_clk_pin rise@10.000ns - sys_clk_pin rise@0.000ns)
  Data Path Delay:        4.217ns  (logic 1.087ns (25.777%)  route 3.130ns (74.223%))
  Logic Levels:           4  (LUT3=1 LUT4=1 LUT6=2)
  Clock Path Skew:        -0.026ns (DCD - SCD + CPR)
    Destination Clock Delay (DCD):    4.860ns = ( 14.860 - 10.000 ) 
    Source Clock Delay      (SCD):    5.160ns
    Clock Pessimism Removal (CPR):    0.274ns
  Clock Uncertainty:      0.035ns  ((TSJ^2 + TIJ^2)^1/2 + DJ) / 2 + PE
    Total System Jitter     (TSJ):    0.071ns
    Total Input Jitter      (TIJ):    0.000ns
    Discrete Jitter          (DJ):    0.000ns
    Phase Error              (PE):    0.000ns

    Location             Delay type                Incr(ns)  Path(ns)    Netlist Resource(s)
  -------------------------------------------------------------------    -------------------
                         (clock sys_clk_pin rise edge)
                                                      0.000     0.000 r  
    W5                                                0.000     0.000 r  CLK100MHZ (IN)
                         net (fo=0)                   0.000     0.000    CLK100MHZ
    W5                   IBUF (Prop_ibuf_I_O)         1.458     1.458 r  CLK100MHZ_IBUF_inst/O
                         net (fo=1, routed)           1.967     3.425    CLK100MHZ_IBUF
    BUFGCTRL_X0Y1        BUFG (Prop_bufg_I_O)         0.096     3.521 r  CLK100MHZ_IBUF_BUFG_inst/O
                         net (fo=47, routed)          1.639     5.160    top/clkdiv/CLK100MHZ_IBUF_BUFG
    SLICE_X0Y2           FDRE                                         r  top/clkdiv/count_reg[12]/C
  -------------------------------------------------------------------    -------------------
    SLICE_X0Y2           FDRE (Prop_fdre_C_Q)         0.419     5.579 r  top/clkdiv/count_reg[12]/Q
                         net (fo=2, routed)           0.840     6.419    top/clkdiv/count[12]
    SLICE_X0Y3           LUT4 (Prop_lut4_I1_O)        0.296     6.715 r  top/clkdiv/count[25]_i_5/O
                         net (fo=1, routed)           0.606     7.320    top/clkdiv/count[25]_i_5_n_0
    SLICE_X0Y2           LUT6 (Prop_lut6_I0_O)        0.124     7.444 r  top/clkdiv/count[25]_i_3/O
                         net (fo=1, routed)           0.636     8.080    top/clkdiv/count[25]_i_3_n_0
    SLICE_X0Y1           LUT6 (Prop_lut6_I0_O)        0.124     8.204 r  top/clkdiv/count[25]_i_2/O
                         net (fo=27, routed)          1.049     9.253    top/clkdiv/count[25]_i_2_n_0
    SLICE_X0Y4           LUT3 (Prop_lut3_I0_O)        0.124     9.377 r  top/clkdiv/count[15]_i_1/O
                         net (fo=1, routed)           0.000     9.377    top/clkdiv/count_0[15]
    SLICE_X0Y4           FDRE                                         r  top/clkdiv/count_reg[15]/D
  -------------------------------------------------------------------    -------------------

                         (clock sys_clk_pin rise edge)
                                                     10.000    10.000 r  
    W5                                                0.000    10.000 r  CLK100MHZ (IN)
                         net (fo=0)                   0.000    10.000    CLK100MHZ
    W5                   IBUF (Prop_ibuf_I_O)         1.388    11.388 r  CLK100MHZ_IBUF_inst/O
                         net (fo=1, routed)           1.862    13.250    CLK100MHZ_IBUF
    BUFGCTRL_X0Y1        BUFG (Prop_bufg_I_O)         0.091    13.341 r  CLK100MHZ_IBUF_BUFG_inst/O
                         net (fo=47, routed)          1.519    14.860    top/clkdiv/CLK100MHZ_IBUF_BUFG
    SLICE_X0Y4           FDRE                                         r  top/clkdiv/count_reg[15]/C
                         clock pessimism              0.274    15.134    
                         clock uncertainty           -0.035    15.099    
    SLICE_X0Y4           FDRE (Setup_fdre_C_D)        0.031    15.130    top/clkdiv/count_reg[15]
  -------------------------------------------------------------------
                         required time                         15.130    
                         arrival time                          -9.377    
  -------------------------------------------------------------------
                         slack                                  5.753    

Slack (MET) :             5.761ns  (required time - arrival time)
  Source:                 top/clkdiv/count_reg[12]/C
                            (rising edge-triggered cell FDRE clocked by sys_clk_pin  {rise@0.000ns fall@5.000ns period=10.000ns})
  Destination:            top/clkdiv/count_reg[17]/D
                            (rising edge-triggered cell FDRE clocked by sys_clk_pin  {rise@0.000ns fall@5.000ns period=10.000ns})
  Path Group:             sys_clk_pin
  Path Type:              Setup (Max at Slow Process Corner)
  Requirement:            10.000ns  (sys_clk_pin rise@10.000ns - sys_clk_pin rise@0.000ns)
  Data Path Delay:        4.252ns  (logic 1.115ns (26.222%)  route 3.137ns (73.778%))
  Logic Levels:           4  (LUT3=1 LUT4=1 LUT6=2)
  Clock Path Skew:        -0.026ns (DCD - SCD + CPR)
    Destination Clock Delay (DCD):    4.860ns = ( 14.860 - 10.000 ) 
    Source Clock Delay      (SCD):    5.160ns
    Clock Pessimism Removal (CPR):    0.274ns
  Clock Uncertainty:      0.035ns  ((TSJ^2 + TIJ^2)^1/2 + DJ) / 2 + PE
    Total System Jitter     (TSJ):    0.071ns
    Total Input Jitter      (TIJ):    0.000ns
    Discrete Jitter          (DJ):    0.000ns
    Phase Error              (PE):    0.000ns

    Location             Delay type                Incr(ns)  Path(ns)    Netlist Resource(s)
  -------------------------------------------------------------------    -------------------
                         (clock sys_clk_pin rise edge)
                                                      0.000     0.000 r  
    W5                                                0.000     0.000 r  CLK100MHZ (IN)
                         net (fo=0)                   0.000     0.000    CLK100MHZ
    W5                   IBUF (Prop_ibuf_I_O)         1.458     1.458 r  CLK100MHZ_IBUF_inst/O
                         net (fo=1, routed)           1.967     3.425    CLK100MHZ_IBUF
    BUFGCTRL_X0Y1        BUFG (Prop_bufg_I_O)         0.096     3.521 r  CLK100MHZ_IBUF_BUFG_inst/O
                         net (fo=47, routed)          1.639     5.160    top/clkdiv/CLK100MHZ_IBUF_BUFG
    SLICE_X0Y2           FDRE                                         r  top/clkdiv/count_reg[12]/C
  -------------------------------------------------------------------    -------------------
    SLICE_X0Y2           FDRE (Prop_fdre_C_Q)         0.419     5.579 r  top/clkdiv/count_reg[12]/Q
                         net (fo=2, routed)           0.840     6.419    top/clkdiv/count[12]
    SLICE_X0Y3           LUT4 (Prop_lut4_I1_O)        0.296     6.715 r  top/clkdiv/count[25]_i_5/O
                         net (fo=1, routed)           0.606     7.320    top/clkdiv/count[25]_i_5_n_0
    SLICE_X0Y2           LUT6 (Prop_lut6_I0_O)        0.124     7.444 r  top/clkdiv/count[25]_i_3/O
                         net (fo=1, routed)           0.636     8.080    top/clkdiv/count[25]_i_3_n_0
    SLICE_X0Y1           LUT6 (Prop_lut6_I0_O)        0.124     8.204 r  top/clkdiv/count[25]_i_2/O
                         net (fo=27, routed)          1.056     9.260    top/clkdiv/count[25]_i_2_n_0
    SLICE_X0Y4           LUT3 (Prop_lut3_I0_O)        0.152     9.412 r  top/clkdiv/count[17]_i_1/O
                         net (fo=1, routed)           0.000     9.412    top/clkdiv/count_0[17]
    SLICE_X0Y4           FDRE                                         r  top/clkdiv/count_reg[17]/D
  -------------------------------------------------------------------    -------------------

                         (clock sys_clk_pin rise edge)
                                                     10.000    10.000 r  
    W5                                                0.000    10.000 r  CLK100MHZ (IN)
                         net (fo=0)                   0.000    10.000    CLK100MHZ
    W5                   IBUF (Prop_ibuf_I_O)         1.388    11.388 r  CLK100MHZ_IBUF_inst/O
                         net (fo=1, routed)           1.862    13.250    CLK100MHZ_IBUF
    BUFGCTRL_X0Y1        BUFG (Prop_bufg_I_O)         0.091    13.341 r  CLK100MHZ_IBUF_BUFG_inst/O
                         net (fo=47, routed)          1.519    14.860    top/clkdiv/CLK100MHZ_IBUF_BUFG
    SLICE_X0Y4           FDRE                                         r  top/clkdiv/count_reg[17]/C
                         clock pessimism              0.274    15.134    
                         clock uncertainty           -0.035    15.099    
    SLICE_X0Y4           FDRE (Setup_fdre_C_D)        0.075    15.174    top/clkdiv/count_reg[17]
  -------------------------------------------------------------------
                         required time                         15.174    
                         arrival time                          -9.412    
  -------------------------------------------------------------------
                         slack                                  5.761    

Slack (MET) :             5.769ns  (required time - arrival time)
  Source:                 top/clkdiv/count_reg[12]/C
                            (rising edge-triggered cell FDRE clocked by sys_clk_pin  {rise@0.000ns fall@5.000ns period=10.000ns})
  Destination:            top/clkdiv/count_reg[16]/D
                            (rising edge-triggered cell FDRE clocked by sys_clk_pin  {rise@0.000ns fall@5.000ns period=10.000ns})
  Path Group:             sys_clk_pin
  Path Type:              Setup (Max at Slow Process Corner)
  Requirement:            10.000ns  (sys_clk_pin rise@10.000ns - sys_clk_pin rise@0.000ns)
  Data Path Delay:        4.245ns  (logic 1.115ns (26.267%)  route 3.130ns (73.733%))
  Logic Levels:           4  (LUT3=1 LUT4=1 LUT6=2)
  Clock Path Skew:        -0.026ns (DCD - SCD + CPR)
    Destination Clock Delay (DCD):    4.860ns = ( 14.860 - 10.000 ) 
    Source Clock Delay      (SCD):    5.160ns
    Clock Pessimism Removal (CPR):    0.274ns
  Clock Uncertainty:      0.035ns  ((TSJ^2 + TIJ^2)^1/2 + DJ) / 2 + PE
    Total System Jitter     (TSJ):    0.071ns
    Total Input Jitter      (TIJ):    0.000ns
    Discrete Jitter          (DJ):    0.000ns
    Phase Error              (PE):    0.000ns

    Location             Delay type                Incr(ns)  Path(ns)    Netlist Resource(s)
  -------------------------------------------------------------------    -------------------
                         (clock sys_clk_pin rise edge)
                                                      0.000     0.000 r  
    W5                                                0.000     0.000 r  CLK100MHZ (IN)
                         net (fo=0)                   0.000     0.000    CLK100MHZ
    W5                   IBUF (Prop_ibuf_I_O)         1.458     1.458 r  CLK100MHZ_IBUF_inst/O
                         net (fo=1, routed)           1.967     3.425    CLK100MHZ_IBUF
    BUFGCTRL_X0Y1        BUFG (Prop_bufg_I_O)         0.096     3.521 r  CLK100MHZ_IBUF_BUFG_inst/O
                         net (fo=47, routed)          1.639     5.160    top/clkdiv/CLK100MHZ_IBUF_BUFG
    SLICE_X0Y2           FDRE                                         r  top/clkdiv/count_reg[12]/C
  -------------------------------------------------------------------    -------------------
    SLICE_X0Y2           FDRE (Prop_fdre_C_Q)         0.419     5.579 r  top/clkdiv/count_reg[12]/Q
                         net (fo=2, routed)           0.840     6.419    top/clkdiv/count[12]
    SLICE_X0Y3           LUT4 (Prop_lut4_I1_O)        0.296     6.715 r  top/clkdiv/count[25]_i_5/O
                         net (fo=1, routed)           0.606     7.320    top/clkdiv/count[25]_i_5_n_0
    SLICE_X0Y2           LUT6 (Prop_lut6_I0_O)        0.124     7.444 r  top/clkdiv/count[25]_i_3/O
                         net (fo=1, routed)           0.636     8.080    top/clkdiv/count[25]_i_3_n_0
    SLICE_X0Y1           LUT6 (Prop_lut6_I0_O)        0.124     8.204 r  top/clkdiv/count[25]_i_2/O
                         net (fo=27, routed)          1.049     9.253    top/clkdiv/count[25]_i_2_n_0
    SLICE_X0Y4           LUT3 (Prop_lut3_I0_O)        0.152     9.405 r  top/clkdiv/count[16]_i_1/O
                         net (fo=1, routed)           0.000     9.405    top/clkdiv/count_0[16]
    SLICE_X0Y4           FDRE                                         r  top/clkdiv/count_reg[16]/D
  -------------------------------------------------------------------    -------------------

                         (clock sys_clk_pin rise edge)
                                                     10.000    10.000 r  
    W5                                                0.000    10.000 r  CLK100MHZ (IN)
                         net (fo=0)                   0.000    10.000    CLK100MHZ
    W5                   IBUF (Prop_ibuf_I_O)         1.388    11.388 r  CLK100MHZ_IBUF_inst/O
                         net (fo=1, routed)           1.862    13.250    CLK100MHZ_IBUF
    BUFGCTRL_X0Y1        BUFG (Prop_bufg_I_O)         0.091    13.341 r  CLK100MHZ_IBUF_BUFG_inst/O
                         net (fo=47, routed)          1.519    14.860    top/clkdiv/CLK100MHZ_IBUF_BUFG
    SLICE_X0Y4           FDRE                                         r  top/clkdiv/count_reg[16]/C
                         clock pessimism              0.274    15.134    
                         clock uncertainty           -0.035    15.099    
    SLICE_X0Y4           FDRE (Setup_fdre_C_D)        0.075    15.174    top/clkdiv/count_reg[16]
  -------------------------------------------------------------------
                         required time                         15.174    
                         arrival time                          -9.405    
  -------------------------------------------------------------------
                         slack                                  5.769    

Slack (MET) :             5.788ns  (required time - arrival time)
  Source:                 top/clkdiv/count_reg[1]/C
                            (rising edge-triggered cell FDRE clocked by sys_clk_pin  {rise@0.000ns fall@5.000ns period=10.000ns})
  Destination:            top/clkdiv/count_reg[19]/D
                            (rising edge-triggered cell FDRE clocked by sys_clk_pin  {rise@0.000ns fall@5.000ns period=10.000ns})
  Path Group:             sys_clk_pin
  Path Type:              Setup (Max at Slow Process Corner)
  Requirement:            10.000ns  (sys_clk_pin rise@10.000ns - sys_clk_pin rise@0.000ns)
  Data Path Delay:        4.183ns  (logic 2.122ns (50.723%)  route 2.061ns (49.277%))
  Logic Levels:           6  (CARRY4=5 LUT3=1)
  Clock Path Skew:        -0.025ns (DCD - SCD + CPR)
    Destination Clock Delay (DCD):    4.860ns = ( 14.860 - 10.000 ) 
    Source Clock Delay      (SCD):    5.159ns
    Clock Pessimism Removal (CPR):    0.274ns
  Clock Uncertainty:      0.035ns  ((TSJ^2 + TIJ^2)^1/2 + DJ) / 2 + PE
    Total System Jitter     (TSJ):    0.071ns
    Total Input Jitter      (TIJ):    0.000ns
    Discrete Jitter          (DJ):    0.000ns
    Phase Error              (PE):    0.000ns

    Location             Delay type                Incr(ns)  Path(ns)    Netlist Resource(s)
  -------------------------------------------------------------------    -------------------
                         (clock sys_clk_pin rise edge)
                                                      0.000     0.000 r  
    W5                                                0.000     0.000 r  CLK100MHZ (IN)
                         net (fo=0)                   0.000     0.000    CLK100MHZ
    W5                   IBUF (Prop_ibuf_I_O)         1.458     1.458 r  CLK100MHZ_IBUF_inst/O
                         net (fo=1, routed)           1.967     3.425    CLK100MHZ_IBUF
    BUFGCTRL_X0Y1        BUFG (Prop_bufg_I_O)         0.096     3.521 r  CLK100MHZ_IBUF_BUFG_inst/O
                         net (fo=47, routed)          1.638     5.159    top/clkdiv/CLK100MHZ_IBUF_BUFG
    SLICE_X3Y4           FDRE                                         r  top/clkdiv/count_reg[1]/C
  -------------------------------------------------------------------    -------------------
    SLICE_X3Y4           FDRE (Prop_fdre_C_Q)         0.419     5.578 r  top/clkdiv/count_reg[1]/Q
                         net (fo=2, routed)           1.125     6.703    top/clkdiv/count[1]
    SLICE_X2Y0           CARRY4 (Prop_carry4_S[0]_CO[3])
                                                      0.812     7.515 r  top/clkdiv/count0_carry/CO[3]
                         net (fo=1, routed)           0.000     7.515    top/clkdiv/count0_carry_n_0
    SLICE_X2Y1           CARRY4 (Prop_carry4_CI_CO[3])
                                                      0.117     7.632 r  top/clkdiv/count0_carry__0/CO[3]
                         net (fo=1, routed)           0.000     7.632    top/clkdiv/count0_carry__0_n_0
    SLICE_X2Y2           CARRY4 (Prop_carry4_CI_CO[3])
                                                      0.117     7.749 r  top/clkdiv/count0_carry__1/CO[3]
                         net (fo=1, routed)           0.000     7.749    top/clkdiv/count0_carry__1_n_0
    SLICE_X2Y3           CARRY4 (Prop_carry4_CI_CO[3])
                                                      0.117     7.866 r  top/clkdiv/count0_carry__2/CO[3]
                         net (fo=1, routed)           0.000     7.866    top/clkdiv/count0_carry__2_n_0
    SLICE_X2Y4           CARRY4 (Prop_carry4_CI_O[2])
                                                      0.239     8.105 r  top/clkdiv/count0_carry__3/O[2]
                         net (fo=1, routed)           0.936     9.042    top/clkdiv/data0[19]
    SLICE_X0Y4           LUT3 (Prop_lut3_I2_O)        0.301     9.343 r  top/clkdiv/count[19]_i_1/O
                         net (fo=1, routed)           0.000     9.343    top/clkdiv/count_0[19]
    SLICE_X0Y4           FDRE                                         r  top/clkdiv/count_reg[19]/D
  -------------------------------------------------------------------    -------------------

                         (clock sys_clk_pin rise edge)
                                                     10.000    10.000 r  
    W5                                                0.000    10.000 r  CLK100MHZ (IN)
                         net (fo=0)                   0.000    10.000    CLK100MHZ
    W5                   IBUF (Prop_ibuf_I_O)         1.388    11.388 r  CLK100MHZ_IBUF_inst/O
                         net (fo=1, routed)           1.862    13.250    CLK100MHZ_IBUF
    BUFGCTRL_X0Y1        BUFG (Prop_bufg_I_O)         0.091    13.341 r  CLK100MHZ_IBUF_BUFG_inst/O
                         net (fo=47, routed)          1.519    14.860    top/clkdiv/CLK100MHZ_IBUF_BUFG
    SLICE_X0Y4           FDRE                                         r  top/clkdiv/count_reg[19]/C
                         clock pessimism              0.274    15.134    
                         clock uncertainty           -0.035    15.099    
    SLICE_X0Y4           FDRE (Setup_fdre_C_D)        0.032    15.131    top/clkdiv/count_reg[19]
  -------------------------------------------------------------------
                         required time                         15.131    
                         arrival time                          -9.343    
  -------------------------------------------------------------------
                         slack                                  5.788    

Slack (MET) :             5.806ns  (required time - arrival time)
  Source:                 top/clkdiv/count_reg[12]/C
                            (rising edge-triggered cell FDRE clocked by sys_clk_pin  {rise@0.000ns fall@5.000ns period=10.000ns})
  Destination:            top/clkdiv/clk_out_reg/D
                            (rising edge-triggered cell FDRE clocked by sys_clk_pin  {rise@0.000ns fall@5.000ns period=10.000ns})
  Path Group:             sys_clk_pin
  Path Type:              Setup (Max at Slow Process Corner)
  Requirement:            10.000ns  (sys_clk_pin rise@10.000ns - sys_clk_pin rise@0.000ns)
  Data Path Delay:        4.162ns  (logic 1.087ns (26.118%)  route 3.075ns (73.882%))
  Logic Levels:           4  (LUT3=1 LUT4=1 LUT6=2)
  Clock Path Skew:        -0.026ns (DCD - SCD + CPR)
    Destination Clock Delay (DCD):    4.860ns = ( 14.860 - 10.000 ) 
    Source Clock Delay      (SCD):    5.160ns
    Clock Pessimism Removal (CPR):    0.274ns
  Clock Uncertainty:      0.035ns  ((TSJ^2 + TIJ^2)^1/2 + DJ) / 2 + PE
    Total System Jitter     (TSJ):    0.071ns
    Total Input Jitter      (TIJ):    0.000ns
    Discrete Jitter          (DJ):    0.000ns
    Phase Error              (PE):    0.000ns

    Location             Delay type                Incr(ns)  Path(ns)    Netlist Resource(s)
  -------------------------------------------------------------------    -------------------
                         (clock sys_clk_pin rise edge)
                                                      0.000     0.000 r  
    W5                                                0.000     0.000 r  CLK100MHZ (IN)
                         net (fo=0)                   0.000     0.000    CLK100MHZ
    W5                   IBUF (Prop_ibuf_I_O)         1.458     1.458 r  CLK100MHZ_IBUF_inst/O
                         net (fo=1, routed)           1.967     3.425    CLK100MHZ_IBUF
    BUFGCTRL_X0Y1        BUFG (Prop_bufg_I_O)         0.096     3.521 r  CLK100MHZ_IBUF_BUFG_inst/O
                         net (fo=47, routed)          1.639     5.160    top/clkdiv/CLK100MHZ_IBUF_BUFG
    SLICE_X0Y2           FDRE                                         r  top/clkdiv/count_reg[12]/C
  -------------------------------------------------------------------    -------------------
    SLICE_X0Y2           FDRE (Prop_fdre_C_Q)         0.419     5.579 r  top/clkdiv/count_reg[12]/Q
                         net (fo=2, routed)           0.840     6.419    top/clkdiv/count[12]
    SLICE_X0Y3           LUT4 (Prop_lut4_I1_O)        0.296     6.715 r  top/clkdiv/count[25]_i_5/O
                         net (fo=1, routed)           0.606     7.320    top/clkdiv/count[25]_i_5_n_0
    SLICE_X0Y2           LUT6 (Prop_lut6_I0_O)        0.124     7.444 r  top/clkdiv/count[25]_i_3/O
                         net (fo=1, routed)           0.636     8.080    top/clkdiv/count[25]_i_3_n_0
    SLICE_X0Y1           LUT6 (Prop_lut6_I0_O)        0.124     8.204 r  top/clkdiv/count[25]_i_2/O
                         net (fo=27, routed)          0.994     9.198    top/clkdiv/count[25]_i_2_n_0
    SLICE_X3Y4           LUT3 (Prop_lut3_I0_O)        0.124     9.322 r  top/clkdiv/clk_out_i_1/O
                         net (fo=1, routed)           0.000     9.322    top/clkdiv/clk_out_i_1_n_0
    SLICE_X3Y4           FDRE                                         r  top/clkdiv/clk_out_reg/D
  -------------------------------------------------------------------    -------------------

                         (clock sys_clk_pin rise edge)
                                                     10.000    10.000 r  
    W5                                                0.000    10.000 r  CLK100MHZ (IN)
                         net (fo=0)                   0.000    10.000    CLK100MHZ
    W5                   IBUF (Prop_ibuf_I_O)         1.388    11.388 r  CLK100MHZ_IBUF_inst/O
                         net (fo=1, routed)           1.862    13.250    CLK100MHZ_IBUF
    BUFGCTRL_X0Y1        BUFG (Prop_bufg_I_O)         0.091    13.341 r  CLK100MHZ_IBUF_BUFG_inst/O
                         net (fo=47, routed)          1.519    14.860    top/clkdiv/CLK100MHZ_IBUF_BUFG
    SLICE_X3Y4           FDRE                                         r  top/clkdiv/clk_out_reg/C
                         clock pessimism              0.274    15.134    
                         clock uncertainty           -0.035    15.099    
    SLICE_X3Y4           FDRE (Setup_fdre_C_D)        0.029    15.128    top/clkdiv/clk_out_reg
  -------------------------------------------------------------------
                         required time                         15.128    
                         arrival time                          -9.322    
  -------------------------------------------------------------------
                         slack                                  5.806    

Slack (MET) :             5.821ns  (required time - arrival time)
  Source:                 top/clkdiv/count_reg[1]/C
                            (rising edge-triggered cell FDRE clocked by sys_clk_pin  {rise@0.000ns fall@5.000ns period=10.000ns})
  Destination:            top/clkdiv/count_reg[23]/D
                            (rising edge-triggered cell FDRE clocked by sys_clk_pin  {rise@0.000ns fall@5.000ns period=10.000ns})
  Path Group:             sys_clk_pin
  Path Type:              Setup (Max at Slow Process Corner)
  Requirement:            10.000ns  (sys_clk_pin rise@10.000ns - sys_clk_pin rise@0.000ns)
  Data Path Delay:        4.175ns  (logic 2.239ns (53.634%)  route 1.936ns (46.366%))
  Logic Levels:           7  (CARRY4=6 LUT3=1)
  Clock Path Skew:        0.000ns (DCD - SCD + CPR)
    Destination Clock Delay (DCD):    4.860ns = ( 14.860 - 10.000 ) 
    Source Clock Delay      (SCD):    5.159ns
    Clock Pessimism Removal (CPR):    0.299ns
  Clock Uncertainty:      0.035ns  ((TSJ^2 + TIJ^2)^1/2 + DJ) / 2 + PE
    Total System Jitter     (TSJ):    0.071ns
    Total Input Jitter      (TIJ):    0.000ns
    Discrete Jitter          (DJ):    0.000ns
    Phase Error              (PE):    0.000ns

    Location             Delay type                Incr(ns)  Path(ns)    Netlist Resource(s)
  -------------------------------------------------------------------    -------------------
                         (clock sys_clk_pin rise edge)
                                                      0.000     0.000 r  
    W5                                                0.000     0.000 r  CLK100MHZ (IN)
                         net (fo=0)                   0.000     0.000    CLK100MHZ
    W5                   IBUF (Prop_ibuf_I_O)         1.458     1.458 r  CLK100MHZ_IBUF_inst/O
                         net (fo=1, routed)           1.967     3.425    CLK100MHZ_IBUF
    BUFGCTRL_X0Y1        BUFG (Prop_bufg_I_O)         0.096     3.521 r  CLK100MHZ_IBUF_BUFG_inst/O
                         net (fo=47, routed)          1.638     5.159    top/clkdiv/CLK100MHZ_IBUF_BUFG
    SLICE_X3Y4           FDRE                                         r  top/clkdiv/count_reg[1]/C
  -------------------------------------------------------------------    -------------------
    SLICE_X3Y4           FDRE (Prop_fdre_C_Q)         0.419     5.578 r  top/clkdiv/count_reg[1]/Q
                         net (fo=2, routed)           1.125     6.703    top/clkdiv/count[1]
    SLICE_X2Y0           CARRY4 (Prop_carry4_S[0]_CO[3])
                                                      0.812     7.515 r  top/clkdiv/count0_carry/CO[3]
                         net (fo=1, routed)           0.000     7.515    top/clkdiv/count0_carry_n_0
    SLICE_X2Y1           CARRY4 (Prop_carry4_CI_CO[3])
                                                      0.117     7.632 r  top/clkdiv/count0_carry__0/CO[3]
                         net (fo=1, routed)           0.000     7.632    top/clkdiv/count0_carry__0_n_0
    SLICE_X2Y2           CARRY4 (Prop_carry4_CI_CO[3])
                                                      0.117     7.749 r  top/clkdiv/count0_carry__1/CO[3]
                         net (fo=1, routed)           0.000     7.749    top/clkdiv/count0_carry__1_n_0
    SLICE_X2Y3           CARRY4 (Prop_carry4_CI_CO[3])
                                                      0.117     7.866 r  top/clkdiv/count0_carry__2/CO[3]
                         net (fo=1, routed)           0.000     7.866    top/clkdiv/count0_carry__2_n_0
    SLICE_X2Y4           CARRY4 (Prop_carry4_CI_CO[3])
                                                      0.117     7.983 r  top/clkdiv/count0_carry__3/CO[3]
                         net (fo=1, routed)           0.000     7.983    top/clkdiv/count0_carry__3_n_0
    SLICE_X2Y5           CARRY4 (Prop_carry4_CI_O[2])
                                                      0.239     8.222 r  top/clkdiv/count0_carry__4/O[2]
                         net (fo=1, routed)           0.811     9.033    top/clkdiv/data0[23]
    SLICE_X3Y4           LUT3 (Prop_lut3_I2_O)        0.301     9.334 r  top/clkdiv/count[23]_i_1/O
                         net (fo=1, routed)           0.000     9.334    top/clkdiv/count_0[23]
    SLICE_X3Y4           FDRE                                         r  top/clkdiv/count_reg[23]/D
  -------------------------------------------------------------------    -------------------

                         (clock sys_clk_pin rise edge)
                                                     10.000    10.000 r  
    W5                                                0.000    10.000 r  CLK100MHZ (IN)
                         net (fo=0)                   0.000    10.000    CLK100MHZ
    W5                   IBUF (Prop_ibuf_I_O)         1.388    11.388 r  CLK100MHZ_IBUF_inst/O
                         net (fo=1, routed)           1.862    13.250    CLK100MHZ_IBUF
    BUFGCTRL_X0Y1        BUFG (Prop_bufg_I_O)         0.091    13.341 r  CLK100MHZ_IBUF_BUFG_inst/O
                         net (fo=47, routed)          1.519    14.860    top/clkdiv/CLK100MHZ_IBUF_BUFG
    SLICE_X3Y4           FDRE                                         r  top/clkdiv/count_reg[23]/C
                         clock pessimism              0.299    15.159    
                         clock uncertainty           -0.035    15.124    
    SLICE_X3Y4           FDRE (Setup_fdre_C_D)        0.031    15.155    top/clkdiv/count_reg[23]
  -------------------------------------------------------------------
                         required time                         15.155    
                         arrival time                          -9.334    
  -------------------------------------------------------------------
                         slack                                  5.821    





Min Delay Paths
--------------------------------------------------------------------------------------
Slack (MET) :             0.254ns  (arrival time - required time)
  Source:                 top/seg_ctrl/refresh_counter_reg[10]/C
                            (rising edge-triggered cell FDCE clocked by sys_clk_pin  {rise@0.000ns fall@5.000ns period=10.000ns})
  Destination:            top/seg_ctrl/refresh_counter_reg[10]/D
                            (rising edge-triggered cell FDCE clocked by sys_clk_pin  {rise@0.000ns fall@5.000ns period=10.000ns})
  Path Group:             sys_clk_pin
  Path Type:              Hold (Min at Fast Process Corner)
  Requirement:            0.000ns  (sys_clk_pin rise@0.000ns - sys_clk_pin rise@0.000ns)
  Data Path Delay:        0.388ns  (logic 0.274ns (70.550%)  route 0.114ns (29.450%))
  Logic Levels:           1  (CARRY4=1)
  Clock Path Skew:        0.000ns (DCD - SCD - CPR)
    Destination Clock Delay (DCD):    1.962ns
    Source Clock Delay      (SCD):    1.447ns
    Clock Pessimism Removal (CPR):    0.515ns

    Location             Delay type                Incr(ns)  Path(ns)    Netlist Resource(s)
  -------------------------------------------------------------------    -------------------
                         (clock sys_clk_pin rise edge)
                                                      0.000     0.000 r  
    W5                                                0.000     0.000 r  CLK100MHZ (IN)
                         net (fo=0)                   0.000     0.000    CLK100MHZ
    W5                   IBUF (Prop_ibuf_I_O)         0.226     0.226 r  CLK100MHZ_IBUF_inst/O
                         net (fo=1, routed)           0.631     0.858    CLK100MHZ_IBUF
    BUFGCTRL_X0Y1        BUFG (Prop_bufg_I_O)         0.026     0.884 r  CLK100MHZ_IBUF_BUFG_inst/O
                         net (fo=47, routed)          0.564     1.447    top/seg_ctrl/CLK100MHZ_IBUF_BUFG
    SLICE_X52Y56         FDCE                                         r  top/seg_ctrl/refresh_counter_reg[10]/C
  -------------------------------------------------------------------    -------------------
    SLICE_X52Y56         FDCE (Prop_fdce_C_Q)         0.164     1.611 r  top/seg_ctrl/refresh_counter_reg[10]/Q
                         net (fo=1, routed)           0.114     1.726    top/seg_ctrl/refresh_counter_reg_n_0_[10]
    SLICE_X52Y56         CARRY4 (Prop_carry4_S[2]_O[2])
                                                      0.110     1.836 r  top/seg_ctrl/refresh_counter_reg[8]_i_1/O[2]
                         net (fo=1, routed)           0.000     1.836    top/seg_ctrl/refresh_counter_reg[8]_i_1_n_5
    SLICE_X52Y56         FDCE                                         r  top/seg_ctrl/refresh_counter_reg[10]/D
  -------------------------------------------------------------------    -------------------

                         (clock sys_clk_pin rise edge)
                                                      0.000     0.000 r  
    W5                                                0.000     0.000 r  CLK100MHZ (IN)
                         net (fo=0)                   0.000     0.000    CLK100MHZ
    W5                   IBUF (Prop_ibuf_I_O)         0.414     0.414 r  CLK100MHZ_IBUF_inst/O
                         net (fo=1, routed)           0.685     1.099    CLK100MHZ_IBUF
    BUFGCTRL_X0Y1        BUFG (Prop_bufg_I_O)         0.029     1.128 r  CLK100MHZ_IBUF_BUFG_inst/O
                         net (fo=47, routed)          0.834     1.962    top/seg_ctrl/CLK100MHZ_IBUF_BUFG
    SLICE_X52Y56         FDCE                                         r  top/seg_ctrl/refresh_counter_reg[10]/C
                         clock pessimism             -0.515     1.447    
    SLICE_X52Y56         FDCE (Hold_fdce_C_D)         0.134     1.581    top/seg_ctrl/refresh_counter_reg[10]
  -------------------------------------------------------------------
                         required time                         -1.581    
                         arrival time                           1.836    
  -------------------------------------------------------------------
                         slack                                  0.254    

Slack (MET) :             0.254ns  (arrival time - required time)
  Source:                 top/seg_ctrl/refresh_counter_reg[2]/C
                            (rising edge-triggered cell FDCE clocked by sys_clk_pin  {rise@0.000ns fall@5.000ns period=10.000ns})
  Destination:            top/seg_ctrl/refresh_counter_reg[2]/D
                            (rising edge-triggered cell FDCE clocked by sys_clk_pin  {rise@0.000ns fall@5.000ns period=10.000ns})
  Path Group:             sys_clk_pin
  Path Type:              Hold (Min at Fast Process Corner)
  Requirement:            0.000ns  (sys_clk_pin rise@0.000ns - sys_clk_pin rise@0.000ns)
  Data Path Delay:        0.388ns  (logic 0.274ns (70.550%)  route 0.114ns (29.450%))
  Logic Levels:           1  (CARRY4=1)
  Clock Path Skew:        0.000ns (DCD - SCD - CPR)
    Destination Clock Delay (DCD):    1.962ns
    Source Clock Delay      (SCD):    1.447ns
    Clock Pessimism Removal (CPR):    0.515ns

    Location             Delay type                Incr(ns)  Path(ns)    Netlist Resource(s)
  -------------------------------------------------------------------    -------------------
                         (clock sys_clk_pin rise edge)
                                                      0.000     0.000 r  
    W5                                                0.000     0.000 r  CLK100MHZ (IN)
                         net (fo=0)                   0.000     0.000    CLK100MHZ
    W5                   IBUF (Prop_ibuf_I_O)         0.226     0.226 r  CLK100MHZ_IBUF_inst/O
                         net (fo=1, routed)           0.631     0.858    CLK100MHZ_IBUF
    BUFGCTRL_X0Y1        BUFG (Prop_bufg_I_O)         0.026     0.884 r  CLK100MHZ_IBUF_BUFG_inst/O
                         net (fo=47, routed)          0.564     1.447    top/seg_ctrl/CLK100MHZ_IBUF_BUFG
    SLICE_X52Y54         FDCE                                         r  top/seg_ctrl/refresh_counter_reg[2]/C
  -------------------------------------------------------------------    -------------------
    SLICE_X52Y54         FDCE (Prop_fdce_C_Q)         0.164     1.611 r  top/seg_ctrl/refresh_counter_reg[2]/Q
                         net (fo=1, routed)           0.114     1.726    top/seg_ctrl/refresh_counter_reg_n_0_[2]
    SLICE_X52Y54         CARRY4 (Prop_carry4_S[2]_O[2])
                                                      0.110     1.836 r  top/seg_ctrl/refresh_counter_reg[0]_i_1/O[2]
                         net (fo=1, routed)           0.000     1.836    top/seg_ctrl/refresh_counter_reg[0]_i_1_n_5
    SLICE_X52Y54         FDCE                                         r  top/seg_ctrl/refresh_counter_reg[2]/D
  -------------------------------------------------------------------    -------------------

                         (clock sys_clk_pin rise edge)
                                                      0.000     0.000 r  
    W5                                                0.000     0.000 r  CLK100MHZ (IN)
                         net (fo=0)                   0.000     0.000    CLK100MHZ
    W5                   IBUF (Prop_ibuf_I_O)         0.414     0.414 r  CLK100MHZ_IBUF_inst/O
                         net (fo=1, routed)           0.685     1.099    CLK100MHZ_IBUF
    BUFGCTRL_X0Y1        BUFG (Prop_bufg_I_O)         0.029     1.128 r  CLK100MHZ_IBUF_BUFG_inst/O
                         net (fo=47, routed)          0.834     1.962    top/seg_ctrl/CLK100MHZ_IBUF_BUFG
    SLICE_X52Y54         FDCE                                         r  top/seg_ctrl/refresh_counter_reg[2]/C
                         clock pessimism             -0.515     1.447    
    SLICE_X52Y54         FDCE (Hold_fdce_C_D)         0.134     1.581    top/seg_ctrl/refresh_counter_reg[2]
  -------------------------------------------------------------------
                         required time                         -1.581    
                         arrival time                           1.836    
  -------------------------------------------------------------------
                         slack                                  0.254    

Slack (MET) :             0.254ns  (arrival time - required time)
  Source:                 top/seg_ctrl/refresh_counter_reg[6]/C
                            (rising edge-triggered cell FDCE clocked by sys_clk_pin  {rise@0.000ns fall@5.000ns period=10.000ns})
  Destination:            top/seg_ctrl/refresh_counter_reg[6]/D
                            (rising edge-triggered cell FDCE clocked by sys_clk_pin  {rise@0.000ns fall@5.000ns period=10.000ns})
  Path Group:             sys_clk_pin
  Path Type:              Hold (Min at Fast Process Corner)
  Requirement:            0.000ns  (sys_clk_pin rise@0.000ns - sys_clk_pin rise@0.000ns)
  Data Path Delay:        0.388ns  (logic 0.274ns (70.550%)  route 0.114ns (29.450%))
  Logic Levels:           1  (CARRY4=1)
  Clock Path Skew:        0.000ns (DCD - SCD - CPR)
    Destination Clock Delay (DCD):    1.962ns
    Source Clock Delay      (SCD):    1.447ns
    Clock Pessimism Removal (CPR):    0.515ns

    Location             Delay type                Incr(ns)  Path(ns)    Netlist Resource(s)
  -------------------------------------------------------------------    -------------------
                         (clock sys_clk_pin rise edge)
                                                      0.000     0.000 r  
    W5                                                0.000     0.000 r  CLK100MHZ (IN)
                         net (fo=0)                   0.000     0.000    CLK100MHZ
    W5                   IBUF (Prop_ibuf_I_O)         0.226     0.226 r  CLK100MHZ_IBUF_inst/O
                         net (fo=1, routed)           0.631     0.858    CLK100MHZ_IBUF
    BUFGCTRL_X0Y1        BUFG (Prop_bufg_I_O)         0.026     0.884 r  CLK100MHZ_IBUF_BUFG_inst/O
                         net (fo=47, routed)          0.564     1.447    top/seg_ctrl/CLK100MHZ_IBUF_BUFG
    SLICE_X52Y55         FDCE                                         r  top/seg_ctrl/refresh_counter_reg[6]/C
  -------------------------------------------------------------------    -------------------
    SLICE_X52Y55         FDCE (Prop_fdce_C_Q)         0.164     1.611 r  top/seg_ctrl/refresh_counter_reg[6]/Q
                         net (fo=1, routed)           0.114     1.726    top/seg_ctrl/refresh_counter_reg_n_0_[6]
    SLICE_X52Y55         CARRY4 (Prop_carry4_S[2]_O[2])
                                                      0.110     1.836 r  top/seg_ctrl/refresh_counter_reg[4]_i_1/O[2]
                         net (fo=1, routed)           0.000     1.836    top/seg_ctrl/refresh_counter_reg[4]_i_1_n_5
    SLICE_X52Y55         FDCE                                         r  top/seg_ctrl/refresh_counter_reg[6]/D
  -------------------------------------------------------------------    -------------------

                         (clock sys_clk_pin rise edge)
                                                      0.000     0.000 r  
    W5                                                0.000     0.000 r  CLK100MHZ (IN)
                         net (fo=0)                   0.000     0.000    CLK100MHZ
    W5                   IBUF (Prop_ibuf_I_O)         0.414     0.414 r  CLK100MHZ_IBUF_inst/O
                         net (fo=1, routed)           0.685     1.099    CLK100MHZ_IBUF
    BUFGCTRL_X0Y1        BUFG (Prop_bufg_I_O)         0.029     1.128 r  CLK100MHZ_IBUF_BUFG_inst/O
                         net (fo=47, routed)          0.834     1.962    top/seg_ctrl/CLK100MHZ_IBUF_BUFG
    SLICE_X52Y55         FDCE                                         r  top/seg_ctrl/refresh_counter_reg[6]/C
                         clock pessimism             -0.515     1.447    
    SLICE_X52Y55         FDCE (Hold_fdce_C_D)         0.134     1.581    top/seg_ctrl/refresh_counter_reg[6]
  -------------------------------------------------------------------
                         required time                         -1.581    
                         arrival time                           1.836    
  -------------------------------------------------------------------
                         slack                                  0.254    

Slack (MET) :             0.254ns  (arrival time - required time)
  Source:                 top/seg_ctrl/refresh_counter_reg[14]/C
                            (rising edge-triggered cell FDCE clocked by sys_clk_pin  {rise@0.000ns fall@5.000ns period=10.000ns})
  Destination:            top/seg_ctrl/refresh_counter_reg[14]/D
                            (rising edge-triggered cell FDCE clocked by sys_clk_pin  {rise@0.000ns fall@5.000ns period=10.000ns})
  Path Group:             sys_clk_pin
  Path Type:              Hold (Min at Fast Process Corner)
  Requirement:            0.000ns  (sys_clk_pin rise@0.000ns - sys_clk_pin rise@0.000ns)
  Data Path Delay:        0.388ns  (logic 0.274ns (70.550%)  route 0.114ns (29.450%))
  Logic Levels:           1  (CARRY4=1)
  Clock Path Skew:        0.000ns (DCD - SCD - CPR)
    Destination Clock Delay (DCD):    1.961ns
    Source Clock Delay      (SCD):    1.446ns
    Clock Pessimism Removal (CPR):    0.515ns

    Location             Delay type                Incr(ns)  Path(ns)    Netlist Resource(s)
  -------------------------------------------------------------------    -------------------
                         (clock sys_clk_pin rise edge)
                                                      0.000     0.000 r  
    W5                                                0.000     0.000 r  CLK100MHZ (IN)
                         net (fo=0)                   0.000     0.000    CLK100MHZ
    W5                   IBUF (Prop_ibuf_I_O)         0.226     0.226 r  CLK100MHZ_IBUF_inst/O
                         net (fo=1, routed)           0.631     0.858    CLK100MHZ_IBUF
    BUFGCTRL_X0Y1        BUFG (Prop_bufg_I_O)         0.026     0.884 r  CLK100MHZ_IBUF_BUFG_inst/O
                         net (fo=47, routed)          0.563     1.446    top/seg_ctrl/CLK100MHZ_IBUF_BUFG
    SLICE_X52Y57         FDCE                                         r  top/seg_ctrl/refresh_counter_reg[14]/C
  -------------------------------------------------------------------    -------------------
    SLICE_X52Y57         FDCE (Prop_fdce_C_Q)         0.164     1.610 r  top/seg_ctrl/refresh_counter_reg[14]/Q
                         net (fo=1, routed)           0.114     1.725    top/seg_ctrl/refresh_counter_reg_n_0_[14]
    SLICE_X52Y57         CARRY4 (Prop_carry4_S[2]_O[2])
                                                      0.110     1.835 r  top/seg_ctrl/refresh_counter_reg[12]_i_1/O[2]
                         net (fo=1, routed)           0.000     1.835    top/seg_ctrl/refresh_counter_reg[12]_i_1_n_5
    SLICE_X52Y57         FDCE                                         r  top/seg_ctrl/refresh_counter_reg[14]/D
  -------------------------------------------------------------------    -------------------

                         (clock sys_clk_pin rise edge)
                                                      0.000     0.000 r  
    W5                                                0.000     0.000 r  CLK100MHZ (IN)
                         net (fo=0)                   0.000     0.000    CLK100MHZ
    W5                   IBUF (Prop_ibuf_I_O)         0.414     0.414 r  CLK100MHZ_IBUF_inst/O
                         net (fo=1, routed)           0.685     1.099    CLK100MHZ_IBUF
    BUFGCTRL_X0Y1        BUFG (Prop_bufg_I_O)         0.029     1.128 r  CLK100MHZ_IBUF_BUFG_inst/O
                         net (fo=47, routed)          0.833     1.961    top/seg_ctrl/CLK100MHZ_IBUF_BUFG
    SLICE_X52Y57         FDCE                                         r  top/seg_ctrl/refresh_counter_reg[14]/C
                         clock pessimism             -0.515     1.446    
    SLICE_X52Y57         FDCE (Hold_fdce_C_D)         0.134     1.580    top/seg_ctrl/refresh_counter_reg[14]
  -------------------------------------------------------------------
                         required time                         -1.580    
                         arrival time                           1.835    
  -------------------------------------------------------------------
                         slack                                  0.254    

Slack (MET) :             0.273ns  (arrival time - required time)
  Source:                 top/clkdiv/count_reg[0]/C
                            (rising edge-triggered cell FDRE clocked by sys_clk_pin  {rise@0.000ns fall@5.000ns period=10.000ns})
  Destination:            top/clkdiv/count_reg[20]/D
                            (rising edge-triggered cell FDRE clocked by sys_clk_pin  {rise@0.000ns fall@5.000ns period=10.000ns})
  Path Group:             sys_clk_pin
  Path Type:              Hold (Min at Fast Process Corner)
  Requirement:            0.000ns  (sys_clk_pin rise@0.000ns - sys_clk_pin rise@0.000ns)
  Data Path Delay:        0.396ns  (logic 0.190ns (48.035%)  route 0.206ns (51.965%))
  Logic Levels:           1  (LUT3=1)
  Clock Path Skew:        0.016ns (DCD - SCD - CPR)
    Destination Clock Delay (DCD):    1.993ns
    Source Clock Delay      (SCD):    1.478ns
    Clock Pessimism Removal (CPR):    0.499ns

    Location             Delay type                Incr(ns)  Path(ns)    Netlist Resource(s)
  -------------------------------------------------------------------    -------------------
                         (clock sys_clk_pin rise edge)
                                                      0.000     0.000 r  
    W5                                                0.000     0.000 r  CLK100MHZ (IN)
                         net (fo=0)                   0.000     0.000    CLK100MHZ
    W5                   IBUF (Prop_ibuf_I_O)         0.226     0.226 r  CLK100MHZ_IBUF_inst/O
                         net (fo=1, routed)           0.631     0.858    CLK100MHZ_IBUF
    BUFGCTRL_X0Y1        BUFG (Prop_bufg_I_O)         0.026     0.884 r  CLK100MHZ_IBUF_BUFG_inst/O
                         net (fo=47, routed)          0.595     1.478    top/clkdiv/CLK100MHZ_IBUF_BUFG
    SLICE_X3Y4           FDRE                                         r  top/clkdiv/count_reg[0]/C
  -------------------------------------------------------------------    -------------------
    SLICE_X3Y4           FDRE (Prop_fdre_C_Q)         0.141     1.619 r  top/clkdiv/count_reg[0]/Q
                         net (fo=28, routed)          0.206     1.825    top/clkdiv/count[0]
    SLICE_X0Y4           LUT3 (Prop_lut3_I1_O)        0.049     1.874 r  top/clkdiv/count[20]_i_1/O
                         net (fo=1, routed)           0.000     1.874    top/clkdiv/count_0[20]
    SLICE_X0Y4           FDRE                                         r  top/clkdiv/count_reg[20]/D
  -------------------------------------------------------------------    -------------------

                         (clock sys_clk_pin rise edge)
                                                      0.000     0.000 r  
    W5                                                0.000     0.000 r  CLK100MHZ (IN)
                         net (fo=0)                   0.000     0.000    CLK100MHZ
    W5                   IBUF (Prop_ibuf_I_O)         0.414     0.414 r  CLK100MHZ_IBUF_inst/O
                         net (fo=1, routed)           0.685     1.099    CLK100MHZ_IBUF
    BUFGCTRL_X0Y1        BUFG (Prop_bufg_I_O)         0.029     1.128 r  CLK100MHZ_IBUF_BUFG_inst/O
                         net (fo=47, routed)          0.866     1.993    top/clkdiv/CLK100MHZ_IBUF_BUFG
    SLICE_X0Y4           FDRE                                         r  top/clkdiv/count_reg[20]/C
                         clock pessimism             -0.499     1.494    
    SLICE_X0Y4           FDRE (Hold_fdre_C_D)         0.107     1.601    top/clkdiv/count_reg[20]
  -------------------------------------------------------------------
                         required time                         -1.601    
                         arrival time                           1.874    
  -------------------------------------------------------------------
                         slack                                  0.273    

Slack (MET) :             0.278ns  (arrival time - required time)
  Source:                 top/clkdiv/count_reg[0]/C
                            (rising edge-triggered cell FDRE clocked by sys_clk_pin  {rise@0.000ns fall@5.000ns period=10.000ns})
  Destination:            top/clkdiv/count_reg[21]/D
                            (rising edge-triggered cell FDRE clocked by sys_clk_pin  {rise@0.000ns fall@5.000ns period=10.000ns})
  Path Group:             sys_clk_pin
  Path Type:              Hold (Min at Fast Process Corner)
  Requirement:            0.000ns  (sys_clk_pin rise@0.000ns - sys_clk_pin rise@0.000ns)
  Data Path Delay:        0.401ns  (logic 0.192ns (47.852%)  route 0.209ns (52.148%))
  Logic Levels:           1  (LUT3=1)
  Clock Path Skew:        0.016ns (DCD - SCD - CPR)
    Destination Clock Delay (DCD):    1.993ns
    Source Clock Delay      (SCD):    1.478ns
    Clock Pessimism Removal (CPR):    0.499ns

    Location             Delay type                Incr(ns)  Path(ns)    Netlist Resource(s)
  -------------------------------------------------------------------    -------------------
                         (clock sys_clk_pin rise edge)
                                                      0.000     0.000 r  
    W5                                                0.000     0.000 r  CLK100MHZ (IN)
                         net (fo=0)                   0.000     0.000    CLK100MHZ
    W5                   IBUF (Prop_ibuf_I_O)         0.226     0.226 r  CLK100MHZ_IBUF_inst/O
                         net (fo=1, routed)           0.631     0.858    CLK100MHZ_IBUF
    BUFGCTRL_X0Y1        BUFG (Prop_bufg_I_O)         0.026     0.884 r  CLK100MHZ_IBUF_BUFG_inst/O
                         net (fo=47, routed)          0.595     1.478    top/clkdiv/CLK100MHZ_IBUF_BUFG
    SLICE_X3Y4           FDRE                                         r  top/clkdiv/count_reg[0]/C
  -------------------------------------------------------------------    -------------------
    SLICE_X3Y4           FDRE (Prop_fdre_C_Q)         0.141     1.619 r  top/clkdiv/count_reg[0]/Q
                         net (fo=28, routed)          0.209     1.828    top/clkdiv/count[0]
    SLICE_X0Y4           LUT3 (Prop_lut3_I1_O)        0.051     1.879 r  top/clkdiv/count[21]_i_1/O
                         net (fo=1, routed)           0.000     1.879    top/clkdiv/count_0[21]
    SLICE_X0Y4           FDRE                                         r  top/clkdiv/count_reg[21]/D
  -------------------------------------------------------------------    -------------------

                         (clock sys_clk_pin rise edge)
                                                      0.000     0.000 r  
    W5                                                0.000     0.000 r  CLK100MHZ (IN)
                         net (fo=0)                   0.000     0.000    CLK100MHZ
    W5                   IBUF (Prop_ibuf_I_O)         0.414     0.414 r  CLK100MHZ_IBUF_inst/O
                         net (fo=1, routed)           0.685     1.099    CLK100MHZ_IBUF
    BUFGCTRL_X0Y1        BUFG (Prop_bufg_I_O)         0.029     1.128 r  CLK100MHZ_IBUF_BUFG_inst/O
                         net (fo=47, routed)          0.866     1.993    top/clkdiv/CLK100MHZ_IBUF_BUFG
    SLICE_X0Y4           FDRE                                         r  top/clkdiv/count_reg[21]/C
                         clock pessimism             -0.499     1.494    
    SLICE_X0Y4           FDRE (Hold_fdre_C_D)         0.107     1.601    top/clkdiv/count_reg[21]
  -------------------------------------------------------------------
                         required time                         -1.601    
                         arrival time                           1.879    
  -------------------------------------------------------------------
                         slack                                  0.278    

Slack (MET) :             0.280ns  (arrival time - required time)
  Source:                 top/seg_ctrl/refresh_counter_reg[18]/C
                            (rising edge-triggered cell FDCE clocked by sys_clk_pin  {rise@0.000ns fall@5.000ns period=10.000ns})
  Destination:            top/seg_ctrl/refresh_counter_reg[18]/D
                            (rising edge-triggered cell FDCE clocked by sys_clk_pin  {rise@0.000ns fall@5.000ns period=10.000ns})
  Path Group:             sys_clk_pin
  Path Type:              Hold (Min at Fast Process Corner)
  Requirement:            0.000ns  (sys_clk_pin rise@0.000ns - sys_clk_pin rise@0.000ns)
  Data Path Delay:        0.414ns  (logic 0.274ns (66.175%)  route 0.140ns (33.825%))
  Logic Levels:           1  (CARRY4=1)
  Clock Path Skew:        0.000ns (DCD - SCD - CPR)
    Destination Clock Delay (DCD):    1.961ns
    Source Clock Delay      (SCD):    1.446ns
    Clock Pessimism Removal (CPR):    0.515ns

    Location             Delay type                Incr(ns)  Path(ns)    Netlist Resource(s)
  -------------------------------------------------------------------    -------------------
                         (clock sys_clk_pin rise edge)
                                                      0.000     0.000 r  
    W5                                                0.000     0.000 r  CLK100MHZ (IN)
                         net (fo=0)                   0.000     0.000    CLK100MHZ
    W5                   IBUF (Prop_ibuf_I_O)         0.226     0.226 r  CLK100MHZ_IBUF_inst/O
                         net (fo=1, routed)           0.631     0.858    CLK100MHZ_IBUF
    BUFGCTRL_X0Y1        BUFG (Prop_bufg_I_O)         0.026     0.884 r  CLK100MHZ_IBUF_BUFG_inst/O
                         net (fo=47, routed)          0.563     1.446    top/seg_ctrl/CLK100MHZ_IBUF_BUFG
    SLICE_X52Y58         FDCE                                         r  top/seg_ctrl/refresh_counter_reg[18]/C
  -------------------------------------------------------------------    -------------------
    SLICE_X52Y58         FDCE (Prop_fdce_C_Q)         0.164     1.610 r  top/seg_ctrl/refresh_counter_reg[18]/Q
                         net (fo=9, routed)           0.140     1.750    top/seg_ctrl/led_activating_counter[0]
    SLICE_X52Y58         CARRY4 (Prop_carry4_S[2]_O[2])
                                                      0.110     1.860 r  top/seg_ctrl/refresh_counter_reg[16]_i_1/O[2]
                         net (fo=1, routed)           0.000     1.860    top/seg_ctrl/refresh_counter_reg[16]_i_1_n_5
    SLICE_X52Y58         FDCE                                         r  top/seg_ctrl/refresh_counter_reg[18]/D
  -------------------------------------------------------------------    -------------------

                         (clock sys_clk_pin rise edge)
                                                      0.000     0.000 r  
    W5                                                0.000     0.000 r  CLK100MHZ (IN)
                         net (fo=0)                   0.000     0.000    CLK100MHZ
    W5                   IBUF (Prop_ibuf_I_O)         0.414     0.414 r  CLK100MHZ_IBUF_inst/O
                         net (fo=1, routed)           0.685     1.099    CLK100MHZ_IBUF
    BUFGCTRL_X0Y1        BUFG (Prop_bufg_I_O)         0.029     1.128 r  CLK100MHZ_IBUF_BUFG_inst/O
                         net (fo=47, routed)          0.833     1.961    top/seg_ctrl/CLK100MHZ_IBUF_BUFG
    SLICE_X52Y58         FDCE                                         r  top/seg_ctrl/refresh_counter_reg[18]/C
                         clock pessimism             -0.515     1.446    
    SLICE_X52Y58         FDCE (Hold_fdce_C_D)         0.134     1.580    top/seg_ctrl/refresh_counter_reg[18]
  -------------------------------------------------------------------
                         required time                         -1.580    
                         arrival time                           1.860    
  -------------------------------------------------------------------
                         slack                                  0.280    

Slack (MET) :             0.283ns  (arrival time - required time)
  Source:                 top/clkdiv/count_reg[0]/C
                            (rising edge-triggered cell FDRE clocked by sys_clk_pin  {rise@0.000ns fall@5.000ns period=10.000ns})
  Destination:            top/clkdiv/count_reg[24]/D
                            (rising edge-triggered cell FDRE clocked by sys_clk_pin  {rise@0.000ns fall@5.000ns period=10.000ns})
  Path Group:             sys_clk_pin
  Path Type:              Hold (Min at Fast Process Corner)
  Requirement:            0.000ns  (sys_clk_pin rise@0.000ns - sys_clk_pin rise@0.000ns)
  Data Path Delay:        0.390ns  (logic 0.183ns (46.962%)  route 0.207ns (53.038%))
  Logic Levels:           1  (LUT3=1)
  Clock Path Skew:        0.000ns (DCD - SCD - CPR)
    Destination Clock Delay (DCD):    1.993ns
    Source Clock Delay      (SCD):    1.478ns
    Clock Pessimism Removal (CPR):    0.515ns

    Location             Delay type                Incr(ns)  Path(ns)    Netlist Resource(s)
  -------------------------------------------------------------------    -------------------
                         (clock sys_clk_pin rise edge)
                                                      0.000     0.000 r  
    W5                                                0.000     0.000 r  CLK100MHZ (IN)
                         net (fo=0)                   0.000     0.000    CLK100MHZ
    W5                   IBUF (Prop_ibuf_I_O)         0.226     0.226 r  CLK100MHZ_IBUF_inst/O
                         net (fo=1, routed)           0.631     0.858    CLK100MHZ_IBUF
    BUFGCTRL_X0Y1        BUFG (Prop_bufg_I_O)         0.026     0.884 r  CLK100MHZ_IBUF_BUFG_inst/O
                         net (fo=47, routed)          0.595     1.478    top/clkdiv/CLK100MHZ_IBUF_BUFG
    SLICE_X3Y4           FDRE                                         r  top/clkdiv/count_reg[0]/C
  -------------------------------------------------------------------    -------------------
    SLICE_X3Y4           FDRE (Prop_fdre_C_Q)         0.141     1.619 r  top/clkdiv/count_reg[0]/Q
                         net (fo=28, routed)          0.207     1.826    top/clkdiv/count[0]
    SLICE_X3Y4           LUT3 (Prop_lut3_I1_O)        0.042     1.868 r  top/clkdiv/count[24]_i_1/O
                         net (fo=1, routed)           0.000     1.868    top/clkdiv/count_0[24]
    SLICE_X3Y4           FDRE                                         r  top/clkdiv/count_reg[24]/D
  -------------------------------------------------------------------    -------------------

                         (clock sys_clk_pin rise edge)
                                                      0.000     0.000 r  
    W5                                                0.000     0.000 r  CLK100MHZ (IN)
                         net (fo=0)                   0.000     0.000    CLK100MHZ
    W5                   IBUF (Prop_ibuf_I_O)         0.414     0.414 r  CLK100MHZ_IBUF_inst/O
                         net (fo=1, routed)           0.685     1.099    CLK100MHZ_IBUF
    BUFGCTRL_X0Y1        BUFG (Prop_bufg_I_O)         0.029     1.128 r  CLK100MHZ_IBUF_BUFG_inst/O
                         net (fo=47, routed)          0.866     1.993    top/clkdiv/CLK100MHZ_IBUF_BUFG
    SLICE_X3Y4           FDRE                                         r  top/clkdiv/count_reg[24]/C
                         clock pessimism             -0.515     1.478    
    SLICE_X3Y4           FDRE (Hold_fdre_C_D)         0.107     1.585    top/clkdiv/count_reg[24]
  -------------------------------------------------------------------
                         required time                         -1.585    
                         arrival time                           1.868    
  -------------------------------------------------------------------
                         slack                                  0.283    

Slack (MET) :             0.284ns  (arrival time - required time)
  Source:                 top/clkdiv/count_reg[0]/C
                            (rising edge-triggered cell FDRE clocked by sys_clk_pin  {rise@0.000ns fall@5.000ns period=10.000ns})
  Destination:            top/clkdiv/count_reg[19]/D
                            (rising edge-triggered cell FDRE clocked by sys_clk_pin  {rise@0.000ns fall@5.000ns period=10.000ns})
  Path Group:             sys_clk_pin
  Path Type:              Hold (Min at Fast Process Corner)
  Requirement:            0.000ns  (sys_clk_pin rise@0.000ns - sys_clk_pin rise@0.000ns)
  Data Path Delay:        0.392ns  (logic 0.186ns (47.504%)  route 0.206ns (52.496%))
  Logic Levels:           1  (LUT3=1)
  Clock Path Skew:        0.016ns (DCD - SCD - CPR)
    Destination Clock Delay (DCD):    1.993ns
    Source Clock Delay      (SCD):    1.478ns
    Clock Pessimism Removal (CPR):    0.499ns

    Location             Delay type                Incr(ns)  Path(ns)    Netlist Resource(s)
  -------------------------------------------------------------------    -------------------
                         (clock sys_clk_pin rise edge)
                                                      0.000     0.000 r  
    W5                                                0.000     0.000 r  CLK100MHZ (IN)
                         net (fo=0)                   0.000     0.000    CLK100MHZ
    W5                   IBUF (Prop_ibuf_I_O)         0.226     0.226 r  CLK100MHZ_IBUF_inst/O
                         net (fo=1, routed)           0.631     0.858    CLK100MHZ_IBUF
    BUFGCTRL_X0Y1        BUFG (Prop_bufg_I_O)         0.026     0.884 r  CLK100MHZ_IBUF_BUFG_inst/O
                         net (fo=47, routed)          0.595     1.478    top/clkdiv/CLK100MHZ_IBUF_BUFG
    SLICE_X3Y4           FDRE                                         r  top/clkdiv/count_reg[0]/C
  -------------------------------------------------------------------    -------------------
    SLICE_X3Y4           FDRE (Prop_fdre_C_Q)         0.141     1.619 r  top/clkdiv/count_reg[0]/Q
                         net (fo=28, routed)          0.206     1.825    top/clkdiv/count[0]
    SLICE_X0Y4           LUT3 (Prop_lut3_I1_O)        0.045     1.870 r  top/clkdiv/count[19]_i_1/O
                         net (fo=1, routed)           0.000     1.870    top/clkdiv/count_0[19]
    SLICE_X0Y4           FDRE                                         r  top/clkdiv/count_reg[19]/D
  -------------------------------------------------------------------    -------------------

                         (clock sys_clk_pin rise edge)
                                                      0.000     0.000 r  
    W5                                                0.000     0.000 r  CLK100MHZ (IN)
                         net (fo=0)                   0.000     0.000    CLK100MHZ
    W5                   IBUF (Prop_ibuf_I_O)         0.414     0.414 r  CLK100MHZ_IBUF_inst/O
                         net (fo=1, routed)           0.685     1.099    CLK100MHZ_IBUF
    BUFGCTRL_X0Y1        BUFG (Prop_bufg_I_O)         0.029     1.128 r  CLK100MHZ_IBUF_BUFG_inst/O
                         net (fo=47, routed)          0.866     1.993    top/clkdiv/CLK100MHZ_IBUF_BUFG
    SLICE_X0Y4           FDRE                                         r  top/clkdiv/count_reg[19]/C
                         clock pessimism             -0.499     1.494    
    SLICE_X0Y4           FDRE (Hold_fdre_C_D)         0.092     1.586    top/clkdiv/count_reg[19]
  -------------------------------------------------------------------
                         required time                         -1.586    
                         arrival time                           1.870    
  -------------------------------------------------------------------
                         slack                                  0.284    

Slack (MET) :             0.287ns  (arrival time - required time)
  Source:                 top/clkdiv/count_reg[0]/C
                            (rising edge-triggered cell FDRE clocked by sys_clk_pin  {rise@0.000ns fall@5.000ns period=10.000ns})
  Destination:            top/clkdiv/count_reg[18]/D
                            (rising edge-triggered cell FDRE clocked by sys_clk_pin  {rise@0.000ns fall@5.000ns period=10.000ns})
  Path Group:             sys_clk_pin
  Path Type:              Hold (Min at Fast Process Corner)
  Requirement:            0.000ns  (sys_clk_pin rise@0.000ns - sys_clk_pin rise@0.000ns)
  Data Path Delay:        0.395ns  (logic 0.186ns (47.061%)  route 0.209ns (52.939%))
  Logic Levels:           1  (LUT3=1)
  Clock Path Skew:        0.016ns (DCD - SCD - CPR)
    Destination Clock Delay (DCD):    1.993ns
    Source Clock Delay      (SCD):    1.478ns
    Clock Pessimism Removal (CPR):    0.499ns

    Location             Delay type                Incr(ns)  Path(ns)    Netlist Resource(s)
  -------------------------------------------------------------------    -------------------
                         (clock sys_clk_pin rise edge)
                                                      0.000     0.000 r  
    W5                                                0.000     0.000 r  CLK100MHZ (IN)
                         net (fo=0)                   0.000     0.000    CLK100MHZ
    W5                   IBUF (Prop_ibuf_I_O)         0.226     0.226 r  CLK100MHZ_IBUF_inst/O
                         net (fo=1, routed)           0.631     0.858    CLK100MHZ_IBUF
    BUFGCTRL_X0Y1        BUFG (Prop_bufg_I_O)         0.026     0.884 r  CLK100MHZ_IBUF_BUFG_inst/O
                         net (fo=47, routed)          0.595     1.478    top/clkdiv/CLK100MHZ_IBUF_BUFG
    SLICE_X3Y4           FDRE                                         r  top/clkdiv/count_reg[0]/C
  -------------------------------------------------------------------    -------------------
    SLICE_X3Y4           FDRE (Prop_fdre_C_Q)         0.141     1.619 r  top/clkdiv/count_reg[0]/Q
                         net (fo=28, routed)          0.209     1.828    top/clkdiv/count[0]
    SLICE_X0Y4           LUT3 (Prop_lut3_I1_O)        0.045     1.873 r  top/clkdiv/count[18]_i_1/O
                         net (fo=1, routed)           0.000     1.873    top/clkdiv/count_0[18]
    SLICE_X0Y4           FDRE                                         r  top/clkdiv/count_reg[18]/D
  -------------------------------------------------------------------    -------------------

                         (clock sys_clk_pin rise edge)
                                                      0.000     0.000 r  
    W5                                                0.000     0.000 r  CLK100MHZ (IN)
                         net (fo=0)                   0.000     0.000    CLK100MHZ
    W5                   IBUF (Prop_ibuf_I_O)         0.414     0.414 r  CLK100MHZ_IBUF_inst/O
                         net (fo=1, routed)           0.685     1.099    CLK100MHZ_IBUF
    BUFGCTRL_X0Y1        BUFG (Prop_bufg_I_O)         0.029     1.128 r  CLK100MHZ_IBUF_BUFG_inst/O
                         net (fo=47, routed)          0.866     1.993    top/clkdiv/CLK100MHZ_IBUF_BUFG
    SLICE_X0Y4           FDRE                                         r  top/clkdiv/count_reg[18]/C
                         clock pessimism             -0.499     1.494    
    SLICE_X0Y4           FDRE (Hold_fdre_C_D)         0.092     1.586    top/clkdiv/count_reg[18]
  -------------------------------------------------------------------
                         required time                         -1.586    
                         arrival time                           1.873    
  -------------------------------------------------------------------
                         slack                                  0.287    





Pulse Width Checks
--------------------------------------------------------------------------------------
Clock Name:         sys_clk_pin
Waveform(ns):       { 0.000 5.000 }
Period(ns):         10.000
Sources:            { CLK100MHZ }

Check Type        Corner  Lib Pin  Reference Pin  Required(ns)  Actual(ns)  Slack(ns)  Location       Pin
Min Period        n/a     BUFG/I   n/a            2.155         10.000      7.845      BUFGCTRL_X0Y1  CLK100MHZ_IBUF_BUFG_inst/I
Min Period        n/a     FDRE/C   n/a            1.000         10.000      9.000      SLICE_X3Y4     top/clkdiv/clk_out_reg/C
Min Period        n/a     FDRE/C   n/a            1.000         10.000      9.000      SLICE_X3Y4     top/clkdiv/count_reg[0]/C
Min Period        n/a     FDRE/C   n/a            1.000         10.000      9.000      SLICE_X0Y2     top/clkdiv/count_reg[10]/C
Min Period        n/a     FDRE/C   n/a            1.000         10.000      9.000      SLICE_X0Y2     top/clkdiv/count_reg[11]/C
Min Period        n/a     FDRE/C   n/a            1.000         10.000      9.000      SLICE_X0Y2     top/clkdiv/count_reg[12]/C
Min Period        n/a     FDRE/C   n/a            1.000         10.000      9.000      SLICE_X0Y2     top/clkdiv/count_reg[13]/C
Min Period        n/a     FDRE/C   n/a            1.000         10.000      9.000      SLICE_X0Y4     top/clkdiv/count_reg[14]/C
Min Period        n/a     FDRE/C   n/a            1.000         10.000      9.000      SLICE_X0Y4     top/clkdiv/count_reg[15]/C
Min Period        n/a     FDRE/C   n/a            1.000         10.000      9.000      SLICE_X0Y4     top/clkdiv/count_reg[16]/C
Low Pulse Width   Fast    FDRE/C   n/a            0.500         5.000       4.500      SLICE_X3Y4     top/clkdiv/clk_out_reg/C
Low Pulse Width   Fast    FDRE/C   n/a            0.500         5.000       4.500      SLICE_X3Y4     top/clkdiv/count_reg[0]/C
Low Pulse Width   Fast    FDRE/C   n/a            0.500         5.000       4.500      SLICE_X0Y2     top/clkdiv/count_reg[10]/C
Low Pulse Width   Fast    FDRE/C   n/a            0.500         5.000       4.500      SLICE_X0Y2     top/clkdiv/count_reg[11]/C
Low Pulse Width   Fast    FDRE/C   n/a            0.500         5.000       4.500      SLICE_X0Y2     top/clkdiv/count_reg[12]/C
Low Pulse Width   Fast    FDRE/C   n/a            0.500         5.000       4.500      SLICE_X0Y2     top/clkdiv/count_reg[13]/C
Low Pulse Width   Fast    FDRE/C   n/a            0.500         5.000       4.500      SLICE_X0Y4     top/clkdiv/count_reg[14]/C
Low Pulse Width   Fast    FDRE/C   n/a            0.500         5.000       4.500      SLICE_X0Y4     top/clkdiv/count_reg[15]/C
Low Pulse Width   Fast    FDRE/C   n/a            0.500         5.000       4.500      SLICE_X0Y4     top/clkdiv/count_reg[16]/C
Low Pulse Width   Fast    FDRE/C   n/a            0.500         5.000       4.500      SLICE_X0Y4     top/clkdiv/count_reg[17]/C
High Pulse Width  Slow    FDRE/C   n/a            0.500         5.000       4.500      SLICE_X3Y4     top/clkdiv/clk_out_reg/C
High Pulse Width  Slow    FDRE/C   n/a            0.500         5.000       4.500      SLICE_X3Y4     top/clkdiv/count_reg[0]/C
High Pulse Width  Slow    FDRE/C   n/a            0.500         5.000       4.500      SLICE_X0Y2     top/clkdiv/count_reg[10]/C
High Pulse Width  Slow    FDRE/C   n/a            0.500         5.000       4.500      SLICE_X0Y2     top/clkdiv/count_reg[11]/C
High Pulse Width  Slow    FDRE/C   n/a            0.500         5.000       4.500      SLICE_X0Y2     top/clkdiv/count_reg[12]/C
High Pulse Width  Slow    FDRE/C   n/a            0.500         5.000       4.500      SLICE_X0Y2     top/clkdiv/count_reg[13]/C
High Pulse Width  Slow    FDRE/C   n/a            0.500         5.000       4.500      SLICE_X0Y4     top/clkdiv/count_reg[14]/C
High Pulse Width  Slow    FDRE/C   n/a            0.500         5.000       4.500      SLICE_X0Y4     top/clkdiv/count_reg[15]/C
High Pulse Width  Slow    FDRE/C   n/a            0.500         5.000       4.500      SLICE_X0Y4     top/clkdiv/count_reg[16]/C
High Pulse Width  Slow    FDRE/C   n/a            0.500         5.000       4.500      SLICE_X0Y4     top/clkdiv/count_reg[17]/C



